id,predio_id,orientacion_id,tipo_colindante_id,via_id,nombre_o_numero,created_at,updated_at
1,18,1,2,,AV. BARTOLINA SISA,2025-12-07 03:59:51,2025-12-07 03:59:51
2,18,2,2,,AV. BARTOLINA SISA,2025-12-07 03:59:51,2025-12-07 03:59:51
3,18,3,2,,AV. LITORAL,2025-12-07 03:59:51,2025-12-07 03:59:51
4,18,4,2,,AV. BARTOLINA SISA,2025-12-07 03:59:51,2025-12-07 03:59:51
5,19,1,1,,12,2025-12-07 03:59:51,2025-12-07 03:59:51
6,19,2,1,,14,2025-12-07 03:59:51,2025-12-07 03:59:51
7,19,3,2,4,,2025-12-07 03:59:51,2025-12-07 03:59:51
8,19,4,1,,7,2025-12-07 03:59:51,2025-12-07 03:59:51
9,20,1,1,,11,2025-12-07 03:59:51,2025-12-07 03:59:51
10,20,2,1,,13,2025-12-07 03:59:51,2025-12-07 03:59:51
11,20,3,2,4,,2025-12-07 03:59:51,2025-12-07 03:59:51
12,20,4,1,,8,2025-12-07 03:59:51,2025-12-07 03:59:51
13,20,4,6,,10,2025-12-07 03:59:51,2025-12-07 03:59:51
14,21,1,2,21,,2025-12-07 03:59:51,2025-12-07 03:59:51
15,21,2,1,,8,2025-12-07 03:59:51,2025-12-07 03:59:51
16,21,3,1,,10,2025-12-07 03:59:51,2025-12-07 03:59:51
17,21,3,6,,11,2025-12-07 03:59:51,2025-12-07 03:59:51
18,21,4,2,13,,2025-12-07 03:59:51,2025-12-07 03:59:51
19,21,4,6,,C/ ALIANZA,2025-12-07 03:59:51,2025-12-07 03:59:51
20,23,1,1,,2,2025-12-07 03:59:51,2025-12-07 03:59:51
21,23,2,2,12,,2025-12-07 03:59:51,2025-12-07 03:59:51
22,23,3,1,,18,2025-12-07 03:59:51,2025-12-07 03:59:51
23,23,3,2,12,,2025-12-07 03:59:51,2025-12-07 03:59:51
24,23,4,2,13,,2025-12-07 03:59:52,2025-12-07 03:59:52
25,24,1,1,,17,2025-12-07 03:59:52,2025-12-07 03:59:52
26,24,2,2,12,,2025-12-07 03:59:52,2025-12-07 03:59:52
27,24,3,2,4,,2025-12-07 03:59:52,2025-12-07 03:59:52
28,24,4,1,,1,2025-12-07 03:59:52,2025-12-07 03:59:52
29,25,1,1,,16,2025-12-07 03:59:52,2025-12-07 03:59:52
30,25,2,1,,18,2025-12-07 03:59:52,2025-12-07 03:59:52
31,25,3,2,,AV. BARTOLINA SISA,2025-12-07 03:59:52,2025-12-07 03:59:52
32,25,4,1,,2,2025-12-07 03:59:52,2025-12-07 03:59:52
33,26,1,1,,3,2025-12-07 03:59:52,2025-12-07 03:59:52
34,26,2,1,,1,2025-12-07 03:59:52,2025-12-07 03:59:52
35,26,3,1,,17,2025-12-07 03:59:52,2025-12-07 03:59:52
36,26,4,2,13,,2025-12-07 03:59:52,2025-12-07 03:59:52
37,27,1,1,,4,2025-12-07 03:59:52,2025-12-07 03:59:52
38,27,2,1,,2,2025-12-07 03:59:52,2025-12-07 03:59:52
39,27,3,1,,16,2025-12-07 03:59:52,2025-12-07 03:59:52
40,27,4,2,13,,2025-12-07 03:59:52,2025-12-07 03:59:52
41,28,1,1,,15,2025-12-07 03:59:52,2025-12-07 03:59:52
42,28,2,1,,17,2025-12-07 03:59:52,2025-12-07 03:59:52
43,28,3,2,4,,2025-12-07 03:59:52,2025-12-07 03:59:52
44,28,4,1,,3,2025-12-07 03:59:52,2025-12-07 03:59:52
45,29,1,1,,14,2025-12-07 03:59:52,2025-12-07 03:59:52
46,29,2,1,,16,2025-12-07 03:59:52,2025-12-07 03:59:52
47,29,3,2,,AV. BARTOLINA SISA,2025-12-07 03:59:52,2025-12-07 03:59:52
48,29,4,1,,4,2025-12-07 03:59:52,2025-12-07 03:59:52
49,22,1,2,21,,2025-12-07 03:59:52,2025-12-07 03:59:52
50,22,2,1,,11,2025-12-07 03:59:52,2025-12-07 03:59:52
51,22,3,2,4,,2025-12-07 03:59:52,2025-12-07 03:59:52
52,22,4,1,,9 CALLE ALIANZA,2025-12-07 03:59:52,2025-12-07 03:59:52
53,32,1,1,,6,2025-12-07 03:59:52,2025-12-07 03:59:52
54,32,2,1,,4,2025-12-07 03:59:52,2025-12-07 03:59:52
55,32,3,1,,14,2025-12-07 03:59:52,2025-12-07 03:59:52
56,32,4,2,13,,2025-12-07 03:59:52,2025-12-07 03:59:52
57,33,1,1,,7,2025-12-07 03:59:52,2025-12-07 03:59:52
58,33,2,1,,5,2025-12-07 03:59:52,2025-12-07 03:59:52
59,33,3,1,,13,2025-12-07 03:59:52,2025-12-07 03:59:52
60,33,4,2,13,,2025-12-07 03:59:52,2025-12-07 03:59:52
61,34,1,1,,12,2025-12-07 03:59:52,2025-12-07 03:59:52
62,34,2,1,,14,2025-12-07 03:59:52,2025-12-07 03:59:52
63,34,3,2,,AV. BARTOLINA SISA,2025-12-07 03:59:52,2025-12-07 03:59:52
64,34,4,1,,6,2025-12-07 03:59:52,2025-12-07 03:59:52
65,35,1,1,,11,2025-12-07 03:59:52,2025-12-07 03:59:52
66,35,2,1,,13,2025-12-07 03:59:52,2025-12-07 03:59:52
67,35,3,2,,AV. BARTOLINA SISA,2025-12-07 03:59:52,2025-12-07 03:59:52
68,35,4,1,,7,2025-12-07 03:59:52,2025-12-07 03:59:52
69,38,1,1,,13,2025-12-07 03:59:52,2025-12-07 03:59:52
70,38,2,1,,15,2025-12-07 03:59:52,2025-12-07 03:59:52
71,38,3,2,4,,2025-12-07 03:59:52,2025-12-07 03:59:52
72,38,4,1,,6,2025-12-07 03:59:52,2025-12-07 03:59:52
73,39,1,1,,14,2025-12-07 03:59:52,2025-12-07 03:59:52
74,39,2,1,,16,2025-12-07 03:59:52,2025-12-07 03:59:52
75,39,3,2,,AV. BARTOLINA SISA,2025-12-07 03:59:52,2025-12-07 03:59:52
76,39,4,1,,5,2025-12-07 03:59:52,2025-12-07 03:59:52
77,40,1,1,,6,2025-12-07 03:59:52,2025-12-07 03:59:52
78,40,2,1,,4,2025-12-07 03:59:52,2025-12-07 03:59:52
79,40,3,1,,15,2025-12-07 03:59:52,2025-12-07 03:59:52
80,40,4,2,13,,2025-12-07 03:59:52,2025-12-07 03:59:52
81,41,1,1,,5,2025-12-07 03:59:52,2025-12-07 03:59:52
82,41,2,1,,3,2025-12-07 03:59:52,2025-12-07 03:59:52
83,41,3,1,,16,2025-12-07 03:59:52,2025-12-07 03:59:52
84,41,4,2,13,,2025-12-07 03:59:52,2025-12-07 03:59:52
85,42,1,1,,15,2025-12-07 03:59:52,2025-12-07 03:59:52
86,42,2,1,,17,2025-12-07 03:59:52,2025-12-07 03:59:52
87,42,3,2,,AV. BARTOLINA SISA,2025-12-07 03:59:52,2025-12-07 03:59:52
88,42,4,1,,4,2025-12-07 03:59:52,2025-12-07 03:59:52
89,43,1,1,,16,2025-12-07 03:59:52,2025-12-07 03:59:52
90,43,2,1,,18,2025-12-07 03:59:52,2025-12-07 03:59:52
91,43,3,2,,AV. BARTOLINA SISA,2025-12-07 03:59:52,2025-12-07 03:59:52
92,43,4,1,,3,2025-12-07 03:59:52,2025-12-07 03:59:52
93,44,1,1,,4,2025-12-07 03:59:52,2025-12-07 03:59:52
94,44,2,1,,2,2025-12-07 03:59:52,2025-12-07 03:59:52
95,44,3,1,,17,2025-12-07 03:59:52,2025-12-07 03:59:52
96,44,4,2,13,,2025-12-07 03:59:52,2025-12-07 03:59:52
97,45,1,1,,3,2025-12-07 03:59:52,2025-12-07 03:59:52
98,45,2,1,,1,2025-12-07 03:59:52,2025-12-07 03:59:52
99,45,3,1,,18,2025-12-07 03:59:52,2025-12-07 03:59:52
100,45,4,2,13,,2025-12-07 03:59:52,2025-12-07 03:59:52
101,46,1,1,,17,2025-12-07 03:59:52,2025-12-07 03:59:52
102,46,2,1,,19,2025-12-07 03:59:52,2025-12-07 03:59:52
103,46,3,2,,AV. BARTOLINA SISA,2025-12-07 03:59:52,2025-12-07 03:59:52
104,46,4,1,,2,2025-12-07 03:59:52,2025-12-07 03:59:52
105,47,1,1,,18,2025-12-07 03:59:52,2025-12-07 03:59:52
106,47,2,2,21,,2025-12-07 03:59:52,2025-12-07 03:59:52
107,47,3,2,,AVENIDA  BARTOLINA SISA,2025-12-07 03:59:52,2025-12-07 03:59:52
108,47,4,1,,1,2025-12-07 03:59:52,2025-12-07 03:59:52
109,48,1,1,,2,2025-12-07 03:59:52,2025-12-07 03:59:52
110,48,2,2,21,,2025-12-07 03:59:52,2025-12-07 03:59:52
111,48,3,1,,19,2025-12-07 03:59:52,2025-12-07 03:59:52
112,48,3,2,21,,2025-12-07 03:59:52,2025-12-07 03:59:52
113,48,4,2,13,,2025-12-07 03:59:52,2025-12-07 03:59:52
114,49,1,2,19,,2025-12-07 03:59:52,2025-12-07 03:59:52
115,49,2,1,,7,2025-12-07 03:59:52,2025-12-07 03:59:52
116,49,3,1,,9,2025-12-07 03:59:52,2025-12-07 03:59:52
117,49,4,2,,C. FRANZ TAMAYO,2025-12-07 03:59:52,2025-12-07 03:59:52
118,49,4,2,,C. JULIAN APAZA,2025-12-07 03:59:52,2025-12-07 03:59:52
119,50,1,2,19,,2025-12-07 03:59:52,2025-12-07 03:59:52
120,50,2,1,,10,2025-12-07 03:59:52,2025-12-07 03:59:52
121,50,3,2,,AV. BARTOLINA SISA,2025-12-07 03:59:52,2025-12-07 03:59:52
122,50,4,1,,8,2025-12-07 03:59:52,2025-12-07 03:59:52
123,50,4,2,19,,2025-12-07 03:59:52,2025-12-07 03:59:52
124,65,1,1,,2,2025-12-07 03:59:52,2025-12-07 03:59:52
125,65,1,6,,15,2025-12-07 03:59:52,2025-12-07 03:59:52
126,65,2,2,2,,2025-12-07 03:59:52,2025-12-07 03:59:52
127,65,3,1,,16,2025-12-07 03:59:52,2025-12-07 03:59:52
128,65,4,1,,1,2025-12-07 03:59:52,2025-12-07 03:59:52
129,121,1,2,21,,2025-12-07 03:59:52,2025-12-07 03:59:52
130,121,2,1,,8,2025-12-07 03:59:52,2025-12-07 03:59:52
131,121,3,2,8,,2025-12-07 03:59:52,2025-12-07 03:59:52
132,121,4,2,,AV. BARTOLINA SISA,2025-12-07 03:59:52,2025-12-07 03:59:52
133,137,1,1,,19,2025-12-07 03:59:52,2025-12-07 03:59:52
134,137,2,1,,21,2025-12-07 03:59:52,2025-12-07 03:59:52
135,137,3,2,3,,2025-12-07 03:59:52,2025-12-07 03:59:52
136,137,4,1,,3,2025-12-07 03:59:52,2025-12-07 03:59:52
137,139,1,1,,3,2025-12-07 03:59:52,2025-12-07 03:59:52
138,139,2,1,,1,2025-12-07 03:59:52,2025-12-07 03:59:52
139,139,3,1,,1,2025-12-07 03:59:52,2025-12-07 03:59:52
140,139,3,6,,22,2025-12-07 03:59:52,2025-12-07 03:59:52
141,139,4,2,3,,2025-12-07 03:59:52,2025-12-07 03:59:52
142,147,1,1,,9,2025-12-07 03:59:52,2025-12-07 03:59:52
143,147,2,1,,1,2025-12-07 03:59:52,2025-12-07 03:59:52
144,147,3,2,,AV. BARTOLINA SISA,2025-12-07 03:59:52,2025-12-07 03:59:52
145,147,4,1,,2,2025-12-07 03:59:52,2025-12-07 03:59:52
146,900,1,6,,QWEWQE,2025-12-07 03:59:52,2025-12-07 03:59:52
147,900,2,6,,QWEQWE,2025-12-07 03:59:52,2025-12-07 03:59:52
148,900,3,6,,QWEQWE,2025-12-07 03:59:52,2025-12-07 03:59:52
149,900,4,6,,QWEQWE,2025-12-07 03:59:52,2025-12-07 03:59:52
150,73,1,1,,12,2025-12-07 03:59:52,2025-12-07 03:59:52
151,73,2,1,,14,2025-12-07 03:59:52,2025-12-07 03:59:52
152,73,3,2,,AV. BARTOLINA SISA,2025-12-07 03:59:52,2025-12-07 03:59:52
153,73,4,1,,6,2025-12-07 03:59:52,2025-12-07 03:59:52
154,58,1,1,,12,2025-12-07 03:59:52,2025-12-07 03:59:52
155,58,2,1,,14,2025-12-07 03:59:52,2025-12-07 03:59:52
156,58,3,2,,AV. BARTOLINA SISA,2025-12-07 03:59:52,2025-12-07 03:59:52
157,58,4,1,,5,2025-12-07 03:59:52,2025-12-07 03:59:52
158,64,1,1,,2,2025-12-07 03:59:52,2025-12-07 03:59:52
159,64,2,2,2,,2025-12-07 03:59:52,2025-12-07 03:59:52
160,64,3,1,,17,2025-12-07 03:59:52,2025-12-07 03:59:52
161,64,4,2,13,,2025-12-07 03:59:52,2025-12-07 03:59:52
162,66,1,2,18,,2025-12-07 03:59:52,2025-12-07 03:59:52
163,66,2,1,,11,2025-12-07 03:59:52,2025-12-07 03:59:52
164,66,3,2,4,,2025-12-07 03:59:52,2025-12-07 03:59:52
165,66,4,1,,9,2025-12-07 03:59:52,2025-12-07 03:59:52
166,67,1,2,,AV. PACIFICO,2025-12-07 03:59:52,2025-12-07 03:59:52
167,67,2,1,,8,2025-12-07 03:59:52,2025-12-07 03:59:52
168,67,3,1,,10,2025-12-07 03:59:52,2025-12-07 03:59:52
169,67,4,2,13,,2025-12-07 03:59:52,2025-12-07 03:59:52
170,68,1,1,,9,2025-12-07 03:59:52,2025-12-07 03:59:52
171,68,2,1,,7,2025-12-07 03:59:52,2025-12-07 03:59:52
172,68,3,1,,11,2025-12-07 03:59:52,2025-12-07 03:59:52
173,68,4,2,13,,2025-12-07 03:59:52,2025-12-07 03:59:52
174,69,1,1,,10,2025-12-07 03:59:52,2025-12-07 03:59:52
175,69,2,1,,12,2025-12-07 03:59:52,2025-12-07 03:59:52
176,69,3,2,,AV. BARTOLINA SISA,2025-12-07 03:59:52,2025-12-07 03:59:52
177,69,4,1,,8,2025-12-07 03:59:52,2025-12-07 03:59:52
178,70,1,1,,11,2025-12-07 03:59:52,2025-12-07 03:59:52
179,70,2,1,,13,2025-12-07 03:59:52,2025-12-07 03:59:52
180,70,3,2,,AV. BARTOLINA SISA,2025-12-07 03:59:52,2025-12-07 03:59:52
181,70,4,1,,7,2025-12-07 03:59:52,2025-12-07 03:59:52
182,71,1,1,,8,2025-12-07 03:59:52,2025-12-07 03:59:52
183,71,2,1,,6,2025-12-07 03:59:52,2025-12-07 03:59:52
184,71,3,1,,12,2025-12-07 03:59:52,2025-12-07 03:59:52
185,71,4,2,13,,2025-12-07 03:59:52,2025-12-07 03:59:52
186,72,1,1,,7,2025-12-07 03:59:52,2025-12-07 03:59:52
187,72,2,1,,5,2025-12-07 03:59:52,2025-12-07 03:59:52
188,72,3,1,,14,2025-12-07 03:59:52,2025-12-07 03:59:52
189,72,4,2,13,,2025-12-07 03:59:52,2025-12-07 03:59:52
190,74,1,1,,13,2025-12-07 03:59:52,2025-12-07 03:59:52
191,74,2,1,,15,2025-12-07 03:59:52,2025-12-07 03:59:52
192,74,3,2,,AV. BARTOLINA SISA,2025-12-07 03:59:52,2025-12-07 03:59:52
193,74,4,1,,5,2025-12-07 03:59:52,2025-12-07 03:59:52
194,81,1,1,,16,2025-12-07 03:59:52,2025-12-07 03:59:52
195,81,2,1,,18,2025-12-07 03:59:52,2025-12-07 03:59:52
196,81,3,2,,AV. BARTOLINA SISA,2025-12-07 03:59:52,2025-12-07 03:59:52
197,81,4,1,,2,2025-12-07 03:59:52,2025-12-07 03:59:52
198,148,1,1,,6,2025-12-07 03:59:52,2025-12-07 03:59:52
199,148,1,2,14,,2025-12-07 03:59:52,2025-12-07 03:59:52
200,148,2,1,,3,2025-12-07 03:59:52,2025-12-07 03:59:52
201,148,3,2,14,,2025-12-07 03:59:52,2025-12-07 03:59:52
202,148,4,1,,5,2025-12-07 03:59:52,2025-12-07 03:59:52
203,148,4,6,,6,2025-12-07 03:59:52,2025-12-07 03:59:52
204,152,1,1,,4,2025-12-07 03:59:52,2025-12-07 03:59:52
205,152,2,1,,2,2025-12-07 03:59:52,2025-12-07 03:59:52
206,152,2,2,5,,2025-12-07 03:59:52,2025-12-07 03:59:52
207,152,3,1,,23,2025-12-07 03:59:52,2025-12-07 03:59:52
208,152,4,2,5,,2025-12-07 03:59:52,2025-12-07 03:59:52
209,163,1,1,,10,2025-12-07 03:59:52,2025-12-07 03:59:52
210,163,2,1,,8,2025-12-07 03:59:52,2025-12-07 03:59:52
211,163,2,2,5,,2025-12-07 03:59:52,2025-12-07 03:59:52
212,163,3,1,,16,2025-12-07 03:59:52,2025-12-07 03:59:52
213,163,3,6,,17,2025-12-07 03:59:52,2025-12-07 03:59:52
214,163,4,2,5,,2025-12-07 03:59:52,2025-12-07 03:59:52
215,80,1,1,,3,2025-12-07 03:59:52,2025-12-07 03:59:52
216,80,2,1,,1,2025-12-07 03:59:52,2025-12-07 03:59:52
217,80,3,1,,17,2025-12-07 03:59:52,2025-12-07 03:59:52
218,80,4,2,13,,2025-12-07 03:59:52,2025-12-07 03:59:52
219,901,1,6,,QWEQ,2025-12-07 03:59:52,2025-12-07 03:59:52
220,901,2,6,,QWEWQ,2025-12-07 03:59:52,2025-12-07 03:59:52
221,901,3,6,,QWEWQ,2025-12-07 03:59:52,2025-12-07 03:59:52
222,901,4,6,,QWEQWE,2025-12-07 03:59:52,2025-12-07 03:59:52
223,75,1,1,,6,2025-12-07 03:59:52,2025-12-07 03:59:52
224,75,2,1,,4,2025-12-07 03:59:52,2025-12-07 03:59:52
225,75,3,1,,15,2025-12-07 03:59:52,2025-12-07 03:59:52
226,75,4,2,13,,2025-12-07 03:59:52,2025-12-07 03:59:52
227,76,1,1,,5,2025-12-07 03:59:52,2025-12-07 03:59:52
228,76,2,1,,3,2025-12-07 03:59:52,2025-12-07 03:59:52
229,76,3,1,,14,2025-12-07 03:59:52,2025-12-07 03:59:52
230,76,4,2,13,,2025-12-07 03:59:52,2025-12-07 03:59:52
231,77,1,1,,14,2025-12-07 03:59:52,2025-12-07 03:59:52
232,77,2,1,,16,2025-12-07 03:59:52,2025-12-07 03:59:52
233,77,3,2,4,,2025-12-07 03:59:52,2025-12-07 03:59:52
234,77,4,1,,4,2025-12-07 03:59:52,2025-12-07 03:59:52
235,78,1,1,,15,2025-12-07 03:59:52,2025-12-07 03:59:52
236,78,2,1,,17,2025-12-07 03:59:52,2025-12-07 03:59:52
237,78,3,2,4,,2025-12-07 03:59:52,2025-12-07 03:59:52
238,78,4,1,,3,2025-12-07 03:59:52,2025-12-07 03:59:52
239,79,1,1,,4,2025-12-07 03:59:52,2025-12-07 03:59:52
240,79,2,1,,2,2025-12-07 03:59:52,2025-12-07 03:59:52
241,79,3,1,,16,2025-12-07 03:59:52,2025-12-07 03:59:52
242,79,4,2,13,,2025-12-07 03:59:52,2025-12-07 03:59:52
243,82,1,1,,17,2025-12-07 03:59:52,2025-12-07 03:59:52
244,82,2,2,19,,2025-12-07 03:59:52,2025-12-07 03:59:52
245,82,3,2,4,,2025-12-07 03:59:52,2025-12-07 03:59:52
246,82,4,1,,1,2025-12-07 03:59:52,2025-12-07 03:59:52
247,83,1,1,,2,2025-12-07 03:59:52,2025-12-07 03:59:52
248,83,2,2,19,,2025-12-07 03:59:52,2025-12-07 03:59:52
249,83,3,1,,18,2025-12-07 03:59:52,2025-12-07 03:59:52
250,83,3,2,19,,2025-12-07 03:59:52,2025-12-07 03:59:52
251,83,4,2,13,,2025-12-07 03:59:52,2025-12-07 03:59:52
252,84,1,1,,15,2025-12-07 03:59:52,2025-12-07 03:59:52
253,84,2,2,,AVENIDA LITORAL,2025-12-07 03:59:52,2025-12-07 03:59:52
254,84,3,2,,CALLE S/N.,2025-12-07 03:59:52,2025-12-07 03:59:52
255,84,4,1,,17,2025-12-07 03:59:52,2025-12-07 03:59:52
256,85,1,2,,AVENIDA LITORAL,2025-12-07 03:59:52,2025-12-07 03:59:52
257,85,2,1,,8,2025-12-07 03:59:52,2025-12-07 03:59:52
258,85,3,1,,10,2025-12-07 03:59:52,2025-12-07 03:59:52
259,85,4,2,4,,2025-12-07 03:59:52,2025-12-07 03:59:52
260,86,1,1,,9,2025-12-07 03:59:52,2025-12-07 03:59:52
261,86,2,1,,7,2025-12-07 03:59:52,2025-12-07 03:59:52
262,86,3,1,,12,2025-12-07 03:59:52,2025-12-07 03:59:52
263,86,4,2,,AV. BARTOLINA SISA,2025-12-07 03:59:52,2025-12-07 03:59:52
264,87,1,1,,11,2025-12-07 03:59:52,2025-12-07 03:59:52
265,87,2,1,,13,2025-12-07 03:59:52,2025-12-07 03:59:52
266,87,3,2,,CALLE S/N.,2025-12-07 03:59:52,2025-12-07 03:59:52
267,87,4,1,,8,2025-12-07 03:59:52,2025-12-07 03:59:52
268,902,1,6,,qweqw,2025-12-07 03:59:52,2025-12-07 03:59:52
269,902,2,6,,colindante,2025-12-07 03:59:52,2025-12-07 03:59:52
270,902,3,6,,qwewdii,2025-12-07 03:59:52,2025-12-07 03:59:52
271,902,4,6,,weoon,2025-12-07 03:59:52,2025-12-07 03:59:52
272,88,1,1,,12,2025-12-07 03:59:52,2025-12-07 03:59:52
273,88,2,1,,14,2025-12-07 03:59:52,2025-12-07 03:59:52
274,88,3,2,8,,2025-12-07 03:59:52,2025-12-07 03:59:52
275,88,4,1,,7,2025-12-07 03:59:52,2025-12-07 03:59:52
276,89,1,1,,8,2025-12-07 03:59:52,2025-12-07 03:59:52
277,89,2,1,,6,2025-12-07 03:59:52,2025-12-07 03:59:52
278,89,3,1,,13,2025-12-07 03:59:52,2025-12-07 03:59:52
279,89,4,2,4,,2025-12-07 03:59:52,2025-12-07 03:59:52
280,90,1,1,,7,2025-12-07 03:59:52,2025-12-07 03:59:52
281,90,2,1,,5,2025-12-07 03:59:52,2025-12-07 03:59:52
282,90,3,1,,14,2025-12-07 03:59:52,2025-12-07 03:59:52
283,90,4,2,,AV. BARTOLINA SISA,2025-12-07 03:59:52,2025-12-07 03:59:52
284,91,1,1,,13,2025-12-07 03:59:52,2025-12-07 03:59:52
285,91,2,1,,15,2025-12-07 03:59:52,2025-12-07 03:59:52
286,91,3,2,,CALLE S/N.,2025-12-07 03:59:52,2025-12-07 03:59:52
287,91,4,1,,6,2025-12-07 03:59:52,2025-12-07 03:59:52
288,92,1,1,,14,2025-12-07 03:59:52,2025-12-07 03:59:52
289,92,2,1,,16,2025-12-07 03:59:52,2025-12-07 03:59:52
290,92,3,2,,CALLE S/N.,2025-12-07 03:59:52,2025-12-07 03:59:52
291,92,4,1,,5,2025-12-07 03:59:52,2025-12-07 03:59:52
292,93,1,1,,6,2025-12-07 03:59:52,2025-12-07 03:59:52
293,93,2,1,,4,2025-12-07 03:59:52,2025-12-07 03:59:52
294,93,3,1,,15,2025-12-07 03:59:52,2025-12-07 03:59:52
295,93,4,2,4,,2025-12-07 03:59:52,2025-12-07 03:59:52
296,94,1,1,,5,2025-12-07 03:59:52,2025-12-07 03:59:52
297,94,2,1,,3,2025-12-07 03:59:52,2025-12-07 03:59:52
298,94,3,1,,16,2025-12-07 03:59:52,2025-12-07 03:59:52
299,94,4,2,,AV. BARTOLINA SISA,2025-12-07 03:59:52,2025-12-07 03:59:52
300,95,1,1,,15,2025-12-07 03:59:52,2025-12-07 03:59:52
301,95,2,1,,17,2025-12-07 03:59:52,2025-12-07 03:59:52
302,95,3,2,,CALLE S/N.,2025-12-07 03:59:52,2025-12-07 03:59:52
303,95,4,1,,4,2025-12-07 03:59:52,2025-12-07 03:59:52
304,96,1,1,,16,2025-12-07 03:59:52,2025-12-07 03:59:52
305,96,2,1,,18,2025-12-07 03:59:52,2025-12-07 03:59:52
306,96,3,2,8,,2025-12-07 03:59:52,2025-12-07 03:59:52
307,96,4,1,,3,2025-12-07 03:59:52,2025-12-07 03:59:52
308,97,1,1,,4,2025-12-07 03:59:52,2025-12-07 03:59:52
309,97,2,1,,2,2025-12-07 03:59:52,2025-12-07 03:59:52
310,97,3,1,,17,2025-12-07 03:59:52,2025-12-07 03:59:52
311,97,4,2,,AV. BARTOLINA SISA,2025-12-07 03:59:52,2025-12-07 03:59:52
312,98,1,1,,3,2025-12-07 03:59:52,2025-12-07 03:59:52
313,98,2,1,,1,2025-12-07 03:59:52,2025-12-07 03:59:52
314,98,3,1,,18,2025-12-07 03:59:52,2025-12-07 03:59:52
315,98,4,2,,AV. BARTOLINA SISA,2025-12-07 03:59:52,2025-12-07 03:59:52
316,99,1,1,,17,2025-12-07 03:59:52,2025-12-07 03:59:52
317,99,2,1,,19,2025-12-07 03:59:52,2025-12-07 03:59:52
318,99,3,2,8,,2025-12-07 03:59:52,2025-12-07 03:59:52
319,99,4,1,,2,2025-12-07 03:59:52,2025-12-07 03:59:52
320,100,1,1,,18,2025-12-07 03:59:52,2025-12-07 03:59:52
321,100,2,2,21,,2025-12-07 03:59:52,2025-12-07 03:59:52
322,100,3,2,,CALLE S/N.,2025-12-07 03:59:52,2025-12-07 03:59:52
323,100,4,1,,1,2025-12-07 03:59:52,2025-12-07 03:59:52
324,101,1,1,,2,2025-12-07 03:59:52,2025-12-07 03:59:52
325,101,2,2,,AV. BARTOLINA SISA,2025-12-07 03:59:52,2025-12-07 03:59:52
326,101,3,1,,19,2025-12-07 03:59:52,2025-12-07 03:59:52
327,101,4,2,,AV. BARTOLINA SISA,2025-12-07 03:59:52,2025-12-07 03:59:52
328,102,1,1,,14,2025-12-07 03:59:52,2025-12-07 03:59:52
329,102,2,1,,16,2025-12-07 03:59:52,2025-12-07 03:59:52
330,102,3,2,8,,2025-12-07 03:59:52,2025-12-07 03:59:52
331,102,4,1,,2,2025-12-07 03:59:52,2025-12-07 03:59:52
332,103,1,1,,13,2025-12-07 03:59:52,2025-12-07 03:59:52
333,103,2,1,,15,2025-12-07 03:59:52,2025-12-07 03:59:52
334,103,3,2,,CALLE S/N.,2025-12-07 03:59:52,2025-12-07 03:59:52
335,103,4,1,,3,2025-12-07 03:59:52,2025-12-07 03:59:52
336,112,1,1,,5,2025-12-07 03:59:52,2025-12-07 03:59:52
337,112,2,1,,3,2025-12-07 03:59:52,2025-12-07 03:59:52
338,112,3,1,,13,2025-12-07 03:59:52,2025-12-07 03:59:52
339,112,4,2,4,,2025-12-07 03:59:52,2025-12-07 03:59:52
340,104,1,1,,12,2025-12-07 03:59:52,2025-12-07 03:59:52
341,104,2,1,,14,2025-12-07 03:59:52,2025-12-07 03:59:52
342,104,3,2,8,,2025-12-07 03:59:52,2025-12-07 03:59:52
343,104,4,1,,4,2025-12-07 03:59:52,2025-12-07 03:59:52
344,105,1,1,,11,2025-12-07 03:59:52,2025-12-07 03:59:52
345,105,2,1,,13,2025-12-07 03:59:52,2025-12-07 03:59:52
346,105,3,2,8,,2025-12-07 03:59:52,2025-12-07 03:59:52
347,105,4,1,,5,2025-12-07 03:59:52,2025-12-07 03:59:52
348,106,1,1,,10,2025-12-07 03:59:52,2025-12-07 03:59:52
349,106,2,1,,12,2025-12-07 03:59:52,2025-12-07 03:59:52
350,106,3,2,8,,2025-12-07 03:59:52,2025-12-07 03:59:52
351,106,4,1,,6,2025-12-07 03:59:52,2025-12-07 03:59:52
352,107,1,1,,9,2025-12-07 03:59:52,2025-12-07 03:59:52
353,107,2,1,,11,2025-12-07 03:59:52,2025-12-07 03:59:52
354,107,3,2,8,,2025-12-07 03:59:52,2025-12-07 03:59:52
355,107,4,1,,7,2025-12-07 03:59:52,2025-12-07 03:59:52
356,108,1,2,19,,2025-12-07 03:59:53,2025-12-07 03:59:53
357,108,2,1,,7,2025-12-07 03:59:53,2025-12-07 03:59:53
358,108,3,1,,9,2025-12-07 03:59:53,2025-12-07 03:59:53
359,108,4,2,,AV. BARTOLINA SISA,2025-12-07 03:59:53,2025-12-07 03:59:53
360,108,4,2,,C. JULIAN APAZA,2025-12-07 03:59:53,2025-12-07 03:59:53
361,110,1,1,,7,2025-12-07 03:59:53,2025-12-07 03:59:53
362,110,2,1,,3,2025-12-07 03:59:53,2025-12-07 03:59:53
363,110,3,1,,11,2025-12-07 03:59:53,2025-12-07 03:59:53
364,110,4,2,,AV. BARTOLINA SISA,2025-12-07 03:59:53,2025-12-07 03:59:53
365,111,1,1,,6,2025-12-07 03:59:53,2025-12-07 03:59:53
366,111,2,1,,4,2025-12-07 03:59:53,2025-12-07 03:59:53
367,111,3,1,,12,2025-12-07 03:59:53,2025-12-07 03:59:53
368,111,4,2,,AV. BARTOLINA SISA,2025-12-07 03:59:53,2025-12-07 03:59:53
369,113,1,1,,4,2025-12-07 03:59:53,2025-12-07 03:59:53
370,113,2,1,,2,2025-12-07 03:59:53,2025-12-07 03:59:53
371,113,3,1,,14,2025-12-07 03:59:53,2025-12-07 03:59:53
372,113,4,2,,AV. BARTOLINA SISA,2025-12-07 03:59:53,2025-12-07 03:59:53
373,114,1,1,,3,2025-12-07 03:59:53,2025-12-07 03:59:53
374,114,2,1,,1,2025-12-07 03:59:53,2025-12-07 03:59:53
375,114,3,1,,15,2025-12-07 03:59:53,2025-12-07 03:59:53
376,114,4,2,,AV. BARTOLINA SISA,2025-12-07 03:59:53,2025-12-07 03:59:53
377,115,1,1,,15,2025-12-07 03:59:53,2025-12-07 03:59:53
378,115,2,2,,AV. LITORAL,2025-12-07 03:59:53,2025-12-07 03:59:53
379,115,3,2,,CALLE S/N.,2025-12-07 03:59:53,2025-12-07 03:59:53
380,115,4,1,,1,2025-12-07 03:59:53,2025-12-07 03:59:53
381,116,1,1,,2,2025-12-07 03:59:53,2025-12-07 03:59:53
382,116,2,2,,AVENIDA LITORAL,2025-12-07 03:59:53,2025-12-07 03:59:53
383,116,3,1,,17,2025-12-07 03:59:53,2025-12-07 03:59:53
384,116,4,2,4,,2025-12-07 03:59:53,2025-12-07 03:59:53
385,118,1,2,,AVENIDA LITORAL,2025-12-07 03:59:53,2025-12-07 03:59:53
386,118,2,1,,8,2025-12-07 03:59:53,2025-12-07 03:59:53
387,118,2,6,,12,2025-12-07 03:59:53,2025-12-07 03:59:53
388,118,3,1,,11,2025-12-07 03:59:53,2025-12-07 03:59:53
389,118,4,1,,9,2025-12-07 03:59:53,2025-12-07 03:59:53
390,119,1,2,21,,2025-12-07 03:59:53,2025-12-07 03:59:53
391,119,2,1,,5,2025-12-07 03:59:53,2025-12-07 03:59:53
392,119,3,1,,7,2025-12-07 03:59:53,2025-12-07 03:59:53
393,119,4,2,4,,2025-12-07 03:59:53,2025-12-07 03:59:53
394,120,1,1,,9,2025-12-07 03:59:53,2025-12-07 03:59:53
395,120,2,1,,11,2025-12-07 03:59:53,2025-12-07 03:59:53
396,120,3,2,8,,2025-12-07 03:59:53,2025-12-07 03:59:53
397,120,4,1,,3,2025-12-07 03:59:53,2025-12-07 03:59:53
398,117,1,2,,AVENIDA LITORAL,2025-12-07 03:59:53,2025-12-07 03:59:53
399,117,2,1,,12,2025-12-07 03:59:53,2025-12-07 03:59:53
400,117,3,2,8,,2025-12-07 03:59:53,2025-12-07 03:59:53
401,117,4,1,,10,2025-12-07 03:59:53,2025-12-07 03:59:53
402,122,1,1,,7,2025-12-07 03:59:53,2025-12-07 03:59:53
403,122,2,1,,8,2025-12-07 03:59:53,2025-12-07 03:59:53
404,122,3,2,,CALLE S/N.,2025-12-07 03:59:53,2025-12-07 03:59:53
405,122,4,1,,5,2025-12-07 03:59:53,2025-12-07 03:59:53
406,123,1,1,,8,2025-12-07 03:59:53,2025-12-07 03:59:53
407,123,2,1,,10,2025-12-07 03:59:53,2025-12-07 03:59:53
408,123,3,2,8,,2025-12-07 03:59:53,2025-12-07 03:59:53
409,123,4,1,,4,2025-12-07 03:59:53,2025-12-07 03:59:53
410,124,1,1,,6,2025-12-07 03:59:53,2025-12-07 03:59:53
411,124,2,1,,4,2025-12-07 03:59:53,2025-12-07 03:59:53
412,124,3,1,,8,2025-12-07 03:59:53,2025-12-07 03:59:53
413,124,4,2,,AV. BARTOLINA SISA,2025-12-07 03:59:53,2025-12-07 03:59:53
414,125,1,1,,5,2025-12-07 03:59:53,2025-12-07 03:59:53
415,125,2,1,,3,2025-12-07 03:59:53,2025-12-07 03:59:53
416,125,3,1,,9,2025-12-07 03:59:53,2025-12-07 03:59:53
417,125,4,2,,AV. BARTOLINA SISA,2025-12-07 03:59:53,2025-12-07 03:59:53
418,126,1,1,,4,2025-12-07 03:59:53,2025-12-07 03:59:53
419,126,2,1,,2,2025-12-07 03:59:53,2025-12-07 03:59:53
420,126,3,1,,10,2025-12-07 03:59:53,2025-12-07 03:59:53
421,126,4,2,,AV. BARTOLINA SISA,2025-12-07 03:59:53,2025-12-07 03:59:53
422,127,1,2,,AV. BARTOLINA SISA,2025-12-07 03:59:53,2025-12-07 03:59:53
423,127,2,2,20,,2025-12-07 03:59:53,2025-12-07 03:59:53
424,127,2,2,13,,2025-12-07 03:59:53,2025-12-07 03:59:53
425,127,3,2,,AV. BARTOLINA SISA,2025-12-07 03:59:53,2025-12-07 03:59:53
426,127,4,2,13,,2025-12-07 03:59:53,2025-12-07 03:59:53
427,129,1,1,,3,2025-12-07 03:59:53,2025-12-07 03:59:53
428,129,2,1,,1,2025-12-07 03:59:53,2025-12-07 03:59:53
429,129,3,1,,11,2025-12-07 03:59:53,2025-12-07 03:59:53
430,129,4,2,4,,2025-12-07 03:59:53,2025-12-07 03:59:53
431,131,1,1,,15,2025-12-07 03:59:53,2025-12-07 03:59:53
432,131,2,1,,17,2025-12-07 03:59:53,2025-12-07 03:59:53
433,131,3,2,14,,2025-12-07 03:59:53,2025-12-07 03:59:53
434,131,4,1,,9,2025-12-07 03:59:53,2025-12-07 03:59:53
435,132,1,1,,5,2025-12-07 03:59:53,2025-12-07 03:59:53
436,132,2,1,,3,2025-12-07 03:59:53,2025-12-07 03:59:53
437,132,3,1,,32,2025-12-07 03:59:53,2025-12-07 03:59:53
438,132,4,2,3,,2025-12-07 03:59:53,2025-12-07 03:59:53
439,133,1,2,,CALLE CHIJIMARKA,2025-12-07 03:59:53,2025-12-07 03:59:53
440,133,2,1,,9,2025-12-07 03:59:53,2025-12-07 03:59:53
441,133,3,2,,AV. PANAMERICANA,2025-12-07 03:59:53,2025-12-07 03:59:53
442,133,4,2,10,,2025-12-07 03:59:53,2025-12-07 03:59:53
443,134,1,1,,2,2025-12-07 03:59:53,2025-12-07 03:59:53
444,134,2,1,,4,2025-12-07 03:59:53,2025-12-07 03:59:53
445,134,3,2,3,,2025-12-07 03:59:53,2025-12-07 03:59:53
446,134,4,1,,8,2025-12-07 03:59:53,2025-12-07 03:59:53
447,135,1,1,,6,2025-12-07 03:59:53,2025-12-07 03:59:53
448,135,2,2,,CALLE S/N.,2025-12-07 03:59:53,2025-12-07 03:59:53
449,135,3,2,3,,2025-12-07 03:59:53,2025-12-07 03:59:53
450,135,4,2,,CALLE S/N.,2025-12-07 03:59:53,2025-12-07 03:59:53
451,136,1,1,,3,2025-12-07 03:59:53,2025-12-07 03:59:53
452,136,2,1,,5,2025-12-07 03:59:53,2025-12-07 03:59:53
453,136,3,2,3,,2025-12-07 03:59:53,2025-12-07 03:59:53
454,136,4,1,,8,2025-12-07 03:59:53,2025-12-07 03:59:53
455,138,1,1,,11,2025-12-07 03:59:53,2025-12-07 03:59:53
456,138,2,1,,13,2025-12-07 03:59:53,2025-12-07 03:59:53
457,138,2,6,,14,2025-12-07 03:59:53,2025-12-07 03:59:53
458,138,3,2,1,,2025-12-07 03:59:53,2025-12-07 03:59:53
459,138,4,1,,2,2025-12-07 03:59:53,2025-12-07 03:59:53
460,140,1,1,,20,2025-12-07 03:59:53,2025-12-07 03:59:53
461,140,2,1,,1,2025-12-07 03:59:53,2025-12-07 03:59:53
462,140,3,2,3,,2025-12-07 03:59:53,2025-12-07 03:59:53
463,140,4,1,,2,2025-12-07 03:59:53,2025-12-07 03:59:53
464,141,1,1,,"",2025-12-07 03:59:53,2025-12-07 03:59:53
465,141,2,1,,"",2025-12-07 03:59:53,2025-12-07 03:59:53
466,141,3,1,,"",2025-12-07 03:59:53,2025-12-07 03:59:53
467,141,4,1,,"",2025-12-07 03:59:53,2025-12-07 03:59:53
468,142,1,1,,2,2025-12-07 03:59:53,2025-12-07 03:59:53
469,142,1,6,,22,2025-12-07 03:59:53,2025-12-07 03:59:53
470,142,2,2,11,,2025-12-07 03:59:53,2025-12-07 03:59:53
471,142,3,2,5,,2025-12-07 03:59:53,2025-12-07 03:59:53
472,142,4,2,3,,2025-12-07 03:59:53,2025-12-07 03:59:53
473,143,1,1,,21,2025-12-07 03:59:53,2025-12-07 03:59:53
474,143,2,2,11,,2025-12-07 03:59:53,2025-12-07 03:59:53
475,143,3,2,,AV. PANAMERICANA,2025-12-07 03:59:53,2025-12-07 03:59:53
476,143,4,2,10,,2025-12-07 03:59:53,2025-12-07 03:59:53
477,144,1,2,21,,2025-12-07 03:59:53,2025-12-07 03:59:53
478,144,2,1,,5 CALLE TUPAC KATARI,2025-12-07 03:59:53,2025-12-07 03:59:53
479,144,3,1,,7,2025-12-07 03:59:53,2025-12-07 03:59:53
480,144,4,2,22,,2025-12-07 03:59:53,2025-12-07 03:59:53
481,145,1,1,,"",2025-12-07 03:59:53,2025-12-07 03:59:53
482,145,2,1,,"",2025-12-07 03:59:53,2025-12-07 03:59:53
483,145,3,1,,"",2025-12-07 03:59:53,2025-12-07 03:59:53
484,145,4,1,,"",2025-12-07 03:59:53,2025-12-07 03:59:53
485,146,1,1,,6,2025-12-07 03:59:53,2025-12-07 03:59:53
486,146,2,1,,4,2025-12-07 03:59:53,2025-12-07 03:59:53
487,146,3,1,,31,2025-12-07 03:59:53,2025-12-07 03:59:53
488,146,4,2,,AVENIDA  PANAMERICANA,2025-12-07 03:59:53,2025-12-07 03:59:53
489,149,1,1,,22,2025-12-07 03:59:53,2025-12-07 03:59:53
490,149,2,1,,23,2025-12-07 03:59:53,2025-12-07 03:59:53
491,149,3,2,10,,2025-12-07 03:59:53,2025-12-07 03:59:53
492,149,4,1,,3,2025-12-07 03:59:53,2025-12-07 03:59:53
493,150,1,2,,CALLE CORO CORO,2025-12-07 03:59:53,2025-12-07 03:59:53
494,150,2,1,,5,2025-12-07 03:59:53,2025-12-07 03:59:53
495,150,3,1,,4,2025-12-07 03:59:53,2025-12-07 03:59:53
496,150,4,2,3,,2025-12-07 03:59:53,2025-12-07 03:59:53
497,151,1,2,,CALLE CORO CORO,2025-12-07 03:59:53,2025-12-07 03:59:53
498,151,2,2,,CALLE S/N.,2025-12-07 03:59:53,2025-12-07 03:59:53
499,151,3,1,,17,2025-12-07 03:59:53,2025-12-07 03:59:53
500,151,4,1,,15,2025-12-07 03:59:53,2025-12-07 03:59:53
501,153,1,1,,21,2025-12-07 03:59:53,2025-12-07 03:59:53
502,153,2,1,,23,2025-12-07 03:59:53,2025-12-07 03:59:53
503,153,3,2,14,,2025-12-07 03:59:53,2025-12-07 03:59:53
504,153,4,1,,4,2025-12-07 03:59:53,2025-12-07 03:59:53
505,155,1,1,,9,2025-12-07 03:59:53,2025-12-07 03:59:53
506,155,2,1,,7,2025-12-07 03:59:53,2025-12-07 03:59:53
507,155,3,1,,13,2025-12-07 03:59:53,2025-12-07 03:59:53
508,155,4,2,5,,2025-12-07 03:59:53,2025-12-07 03:59:53
509,156,1,1,,11,2025-12-07 03:59:53,2025-12-07 03:59:53
510,156,2,1,,9,2025-12-07 03:59:53,2025-12-07 03:59:53
511,156,3,1,,16,2025-12-07 03:59:53,2025-12-07 03:59:53
512,156,4,2,1,,2025-12-07 03:59:53,2025-12-07 03:59:53
513,157,1,1,,12,2025-12-07 03:59:53,2025-12-07 03:59:53
514,157,2,1,,10,2025-12-07 03:59:53,2025-12-07 03:59:53
515,157,3,1,,14,2025-12-07 03:59:53,2025-12-07 03:59:53
516,157,4,2,14,,2025-12-07 03:59:53,2025-12-07 03:59:53
517,158,1,1,,11,2025-12-07 03:59:53,2025-12-07 03:59:53
518,158,2,1,,9,2025-12-07 03:59:53,2025-12-07 03:59:53
519,158,3,1,,14,2025-12-07 03:59:53,2025-12-07 03:59:53
520,158,3,6,,15,2025-12-07 03:59:53,2025-12-07 03:59:53
521,158,4,2,14,,2025-12-07 03:59:53,2025-12-07 03:59:53
522,159,1,1,,8,2025-12-07 03:59:53,2025-12-07 03:59:53
523,159,2,1,,10,2025-12-07 03:59:53,2025-12-07 03:59:53
524,159,3,2,4,,2025-12-07 03:59:53,2025-12-07 03:59:53
525,159,4,1,,2,2025-12-07 03:59:53,2025-12-07 03:59:53
526,160,1,1,,6,2025-12-07 03:59:53,2025-12-07 03:59:53
527,160,2,1,,4,2025-12-07 03:59:53,2025-12-07 03:59:53
528,160,2,2,5,,2025-12-07 03:59:53,2025-12-07 03:59:53
529,160,3,1,,21,2025-12-07 03:59:53,2025-12-07 03:59:53
530,160,4,2,5,,2025-12-07 03:59:53,2025-12-07 03:59:53
531,162,1,1,,"",2025-12-07 03:59:53,2025-12-07 03:59:53
532,162,2,1,,"",2025-12-07 03:59:53,2025-12-07 03:59:53
533,162,3,1,,"",2025-12-07 03:59:53,2025-12-07 03:59:53
534,162,4,1,,"",2025-12-07 03:59:53,2025-12-07 03:59:53
535,164,1,1,,11,2025-12-07 03:59:53,2025-12-07 03:59:53
536,164,2,1,,9,2025-12-07 03:59:53,2025-12-07 03:59:53
537,164,2,2,5,,2025-12-07 03:59:53,2025-12-07 03:59:53
538,164,3,1,,15,2025-12-07 03:59:53,2025-12-07 03:59:53
539,164,3,6,,16,2025-12-07 03:59:53,2025-12-07 03:59:53
540,164,4,2,5,,2025-12-07 03:59:53,2025-12-07 03:59:53
541,165,1,1,,9,2025-12-07 03:59:53,2025-12-07 03:59:53
542,165,2,1,,7,2025-12-07 03:59:53,2025-12-07 03:59:53
543,165,2,2,5,,2025-12-07 03:59:53,2025-12-07 03:59:53
544,165,3,1,,17,2025-12-07 03:59:53,2025-12-07 03:59:53
545,165,4,2,5,,2025-12-07 03:59:53,2025-12-07 03:59:53
546,167,1,2,9,,2025-12-07 03:59:53,2025-12-07 03:59:53
547,167,2,1,,15,2025-12-07 03:59:53,2025-12-07 03:59:53
548,167,3,2,14,,2025-12-07 03:59:53,2025-12-07 03:59:53
549,167,4,1,,13,2025-12-07 03:59:53,2025-12-07 03:59:53
550,169,1,1,,11,2025-12-07 03:59:53,2025-12-07 03:59:53
551,169,2,1,,13,2025-12-07 03:59:53,2025-12-07 03:59:53
552,169,3,2,,AV. PANAMERICANA,2025-12-07 03:59:53,2025-12-07 03:59:53
553,169,4,1,,8,2025-12-07 03:59:53,2025-12-07 03:59:53
554,170,1,1,,8,2025-12-07 03:59:53,2025-12-07 03:59:53
555,170,2,1,,6,2025-12-07 03:59:53,2025-12-07 03:59:53
556,170,3,1,,17,2025-12-07 03:59:53,2025-12-07 03:59:53
557,170,3,6,,18,2025-12-07 03:59:53,2025-12-07 03:59:53
558,170,4,2,10,,2025-12-07 03:59:53,2025-12-07 03:59:53
559,171,1,1,,7,2025-12-07 03:59:53,2025-12-07 03:59:53
560,171,2,1,,5,2025-12-07 03:59:53,2025-12-07 03:59:53
561,171,3,1,,18,2025-12-07 03:59:53,2025-12-07 03:59:53
562,171,3,6,,19,2025-12-07 03:59:53,2025-12-07 03:59:53
563,171,4,2,10,,2025-12-07 03:59:53,2025-12-07 03:59:53
564,172,1,1,,23,2025-12-07 03:59:53,2025-12-07 03:59:53
565,172,2,2,11,,2025-12-07 03:59:53,2025-12-07 03:59:53
566,172,3,1,,24,2025-12-07 03:59:53,2025-12-07 03:59:53
567,172,4,1,,1,2025-12-07 03:59:53,2025-12-07 03:59:53
568,173,1,1,,3,2025-12-07 03:59:53,2025-12-07 03:59:53
569,173,2,1,,1,2025-12-07 03:59:53,2025-12-07 03:59:53
570,173,3,1,,21,2025-12-07 03:59:53,2025-12-07 03:59:53
571,173,4,2,10,,2025-12-07 03:59:53,2025-12-07 03:59:53
572,174,1,1,,4,2025-12-07 03:59:53,2025-12-07 03:59:53
573,174,2,1,,2,2025-12-07 03:59:53,2025-12-07 03:59:53
574,174,3,1,,20,2025-12-07 03:59:53,2025-12-07 03:59:53
575,174,4,2,10,,2025-12-07 03:59:53,2025-12-07 03:59:53
576,175,1,1,,6,2025-12-07 03:59:53,2025-12-07 03:59:53
577,175,2,1,,4,2025-12-07 03:59:53,2025-12-07 03:59:53
578,175,3,1,,18,2025-12-07 03:59:53,2025-12-07 03:59:53
579,175,4,2,10,,2025-12-07 03:59:53,2025-12-07 03:59:53
580,176,1,2,20,,2025-12-07 03:59:53,2025-12-07 03:59:53
581,176,2,1,,14,2025-12-07 03:59:53,2025-12-07 03:59:53
582,176,3,2,13,,2025-12-07 03:59:53,2025-12-07 03:59:53
583,176,4,1,,12,2025-12-07 03:59:53,2025-12-07 03:59:53
584,177,1,1,,7,2025-12-07 03:59:53,2025-12-07 03:59:53
585,177,2,1,,5,2025-12-07 03:59:53,2025-12-07 03:59:53
586,177,3,1,,17,2025-12-07 03:59:53,2025-12-07 03:59:53
587,177,4,2,10,,2025-12-07 03:59:53,2025-12-07 03:59:53
588,178,1,1,,8,2025-12-07 03:59:53,2025-12-07 03:59:53
589,178,2,1,,6,2025-12-07 03:59:53,2025-12-07 03:59:53
590,178,3,1,,16,2025-12-07 03:59:53,2025-12-07 03:59:53
591,178,4,2,10,,2025-12-07 03:59:53,2025-12-07 03:59:53
592,179,1,1,,11,2025-12-07 03:59:53,2025-12-07 03:59:53
593,179,2,1,,9,2025-12-07 03:59:53,2025-12-07 03:59:53
594,179,3,1,,13,2025-12-07 03:59:53,2025-12-07 03:59:53
595,179,4,2,10,,2025-12-07 03:59:53,2025-12-07 03:59:53
596,180,1,2,9,,2025-12-07 03:59:53,2025-12-07 03:59:53
597,180,2,1,,11,2025-12-07 03:59:53,2025-12-07 03:59:53
598,180,3,1,,13,2025-12-07 03:59:53,2025-12-07 03:59:53
599,180,4,2,5,,2025-12-07 03:59:53,2025-12-07 03:59:53
600,181,1,1,,3,2025-12-07 03:59:53,2025-12-07 03:59:53
601,181,1,2,14,,2025-12-07 03:59:53,2025-12-07 03:59:53
602,181,2,1,,9,2025-12-07 03:59:53,2025-12-07 03:59:53
603,181,3,2,14,,2025-12-07 03:59:53,2025-12-07 03:59:53
604,181,4,1,,2,2025-12-07 03:59:53,2025-12-07 03:59:53
605,181,4,6,,3,2025-12-07 03:59:53,2025-12-07 03:59:53
606,182,1,1,,9,2025-12-07 03:59:53,2025-12-07 03:59:53
607,182,1,6,,10,2025-12-07 03:59:53,2025-12-07 03:59:53
608,182,2,1,,7,2025-12-07 03:59:53,2025-12-07 03:59:53
609,182,3,1,,12,2025-12-07 03:59:53,2025-12-07 03:59:53
610,182,4,2,3,,2025-12-07 03:59:53,2025-12-07 03:59:53
611,183,1,2,2,,2025-12-07 03:59:53,2025-12-07 03:59:53
612,183,2,1,,10,2025-12-07 03:59:53,2025-12-07 03:59:53
613,183,3,2,1,,2025-12-07 03:59:53,2025-12-07 03:59:53
614,183,4,1,,8,2025-12-07 03:59:53,2025-12-07 03:59:53
615,184,1,1,,8,2025-12-07 03:59:53,2025-12-07 03:59:53
616,184,2,1,,6,2025-12-07 03:59:53,2025-12-07 03:59:53
617,184,3,1,,14,2025-12-07 03:59:53,2025-12-07 03:59:53
618,184,4,2,10,,2025-12-07 03:59:53,2025-12-07 03:59:53
619,185,1,1,,8,2025-12-07 03:59:53,2025-12-07 03:59:53
620,185,2,1,,7,2025-12-07 03:59:53,2025-12-07 03:59:53
621,185,3,1,,13,2025-12-07 03:59:53,2025-12-07 03:59:53
622,185,4,2,10,,2025-12-07 03:59:53,2025-12-07 03:59:53
623,186,1,2,2,,2025-12-07 03:59:53,2025-12-07 03:59:53
624,186,2,1,,9,2025-12-07 03:59:53,2025-12-07 03:59:53
625,186,3,1,,11,2025-12-07 03:59:53,2025-12-07 03:59:53
626,186,4,2,10,,2025-12-07 03:59:53,2025-12-07 03:59:53
627,188,1,1,,4,2025-12-07 03:59:53,2025-12-07 03:59:53
628,188,2,1,,2,2025-12-07 03:59:53,2025-12-07 03:59:53
629,188,3,1,,17,2025-12-07 03:59:53,2025-12-07 03:59:53
630,188,4,2,10,,2025-12-07 03:59:53,2025-12-07 03:59:53
631,189,1,1,,6,2025-12-07 03:59:53,2025-12-07 03:59:53
632,189,2,1,,4,2025-12-07 03:59:53,2025-12-07 03:59:53
633,189,3,1,,15,2025-12-07 03:59:53,2025-12-07 03:59:53
634,189,4,2,10,,2025-12-07 03:59:53,2025-12-07 03:59:53
635,190,1,1,,13,2025-12-07 03:59:53,2025-12-07 03:59:53
636,190,2,1,,15,2025-12-07 03:59:53,2025-12-07 03:59:53
637,190,3,2,3,,2025-12-07 03:59:53,2025-12-07 03:59:53
638,190,4,1,,6,2025-12-07 03:59:53,2025-12-07 03:59:53
639,193,1,1,,10,2025-12-07 03:59:53,2025-12-07 03:59:53
640,193,2,1,,8,2025-12-07 03:59:53,2025-12-07 03:59:53
641,193,3,1,,11,2025-12-07 03:59:53,2025-12-07 03:59:53
642,193,4,2,10,,2025-12-07 03:59:53,2025-12-07 03:59:53
643,194,1,2,,CALLE LITORIAL,2025-12-07 03:59:53,2025-12-07 03:59:53
644,194,2,1,,8,2025-12-07 03:59:53,2025-12-07 03:59:53
645,194,3,1,,10,2025-12-07 03:59:53,2025-12-07 03:59:53
646,194,4,2,3,,2025-12-07 03:59:53,2025-12-07 03:59:53
647,195,1,2,21,,2025-12-07 03:59:53,2025-12-07 03:59:53
648,195,2,1,,6,2025-12-07 03:59:53,2025-12-07 03:59:53
649,195,3,2,13,,2025-12-07 03:59:53,2025-12-07 03:59:53
650,195,4,1,,4,2025-12-07 03:59:53,2025-12-07 03:59:53
651,196,1,1,,8,2025-12-07 03:59:53,2025-12-07 03:59:53
652,196,2,1,,10,2025-12-07 03:59:53,2025-12-07 03:59:53
653,196,3,2,14,,2025-12-07 03:59:53,2025-12-07 03:59:53
654,196,4,1,,2,2025-12-07 03:59:53,2025-12-07 03:59:53
655,197,1,2,21,,2025-12-07 03:59:53,2025-12-07 03:59:53
656,197,2,1,,4,2025-12-07 03:59:53,2025-12-07 03:59:53
657,197,3,1,,6,2025-12-07 03:59:53,2025-12-07 03:59:53
658,197,4,2,3,,2025-12-07 03:59:53,2025-12-07 03:59:53
659,198,1,1,,14,2025-12-07 03:59:53,2025-12-07 03:59:53
660,198,2,1,,16,2025-12-07 03:59:53,2025-12-07 03:59:53
661,198,3,2,10,,2025-12-07 03:59:53,2025-12-07 03:59:53
662,198,4,1,,8,2025-12-07 03:59:53,2025-12-07 03:59:53
663,198,4,6,,9,2025-12-07 03:59:53,2025-12-07 03:59:53
664,199,1,1,,15,2025-12-07 03:59:53,2025-12-07 03:59:53
665,199,2,1,,17,2025-12-07 03:59:53,2025-12-07 03:59:53
666,199,3,2,10,,2025-12-07 03:59:53,2025-12-07 03:59:53
667,199,4,1,,8,2025-12-07 03:59:53,2025-12-07 03:59:53
668,200,1,2,2,,2025-12-07 03:59:53,2025-12-07 03:59:53
669,200,2,1,,8,2025-12-07 03:59:53,2025-12-07 03:59:53
670,200,3,1,,11,2025-12-07 03:59:53,2025-12-07 03:59:53
671,200,4,1,,9,2025-12-07 03:59:53,2025-12-07 03:59:53
672,202,1,1,,4,2025-12-07 03:59:53,2025-12-07 03:59:53
673,202,2,1,,2,2025-12-07 03:59:53,2025-12-07 03:59:53
674,202,3,1,,23,2025-12-07 03:59:53,2025-12-07 03:59:53
675,202,4,2,1,,2025-12-07 03:59:53,2025-12-07 03:59:53
676,203,1,1,,2,2025-12-07 03:59:53,2025-12-07 03:59:53
677,203,2,2,11,,2025-12-07 03:59:53,2025-12-07 03:59:53
678,203,3,1,,20,2025-12-07 03:59:53,2025-12-07 03:59:53
679,203,4,1,,1,2025-12-07 03:59:53,2025-12-07 03:59:53
680,204,1,1,,19,2025-12-07 03:59:53,2025-12-07 03:59:53
681,204,2,2,11,,2025-12-07 03:59:53,2025-12-07 03:59:53
682,204,3,2,13,,2025-12-07 03:59:53,2025-12-07 03:59:53
683,204,4,1,,21,2025-12-07 03:59:53,2025-12-07 03:59:53
684,205,1,1,,2,2025-12-07 03:59:53,2025-12-07 03:59:53
685,205,2,5,,RIO,2025-12-07 03:59:53,2025-12-07 03:59:53
686,205,3,2,5,,2025-12-07 03:59:53,2025-12-07 03:59:53
687,205,4,2,3,,2025-12-07 03:59:53,2025-12-07 03:59:53
688,206,1,1,,3,2025-12-07 03:59:53,2025-12-07 03:59:53
689,206,2,1,,1,2025-12-07 03:59:53,2025-12-07 03:59:53
690,206,3,2,5,,2025-12-07 03:59:53,2025-12-07 03:59:53
691,206,4,2,3,,2025-12-07 03:59:53,2025-12-07 03:59:53
692,207,1,1,,11,2025-12-07 03:59:53,2025-12-07 03:59:53
693,207,2,2,11,,2025-12-07 03:59:53,2025-12-07 03:59:53
694,207,3,1,,7,2025-12-07 03:59:53,2025-12-07 03:59:53
695,207,4,1,,9,2025-12-07 03:59:53,2025-12-07 03:59:53
696,209,1,2,,CALLE CORO CORO,2025-12-07 03:59:53,2025-12-07 03:59:53
697,209,2,2,,CALLE S/N.,2025-12-07 03:59:54,2025-12-07 03:59:54
698,209,3,1,,2,2025-12-07 03:59:54,2025-12-07 03:59:54
699,209,4,2,1,,2025-12-07 03:59:54,2025-12-07 03:59:54
700,210,1,2,11,,2025-12-07 03:59:54,2025-12-07 03:59:54
701,210,2,2,,CALLE S/N.,2025-12-07 03:59:54,2025-12-07 03:59:54
702,210,3,1,,5,2025-12-07 03:59:54,2025-12-07 03:59:54
703,210,4,1,,3,2025-12-07 03:59:54,2025-12-07 03:59:54
704,212,1,1,,6,2025-12-07 03:59:54,2025-12-07 03:59:54
705,212,2,1,,4,2025-12-07 03:59:54,2025-12-07 03:59:54
706,212,3,1,,19,2025-12-07 03:59:54,2025-12-07 03:59:54
707,212,4,2,10,,2025-12-07 03:59:54,2025-12-07 03:59:54
708,213,1,1,,22,2025-12-07 03:59:54,2025-12-07 03:59:54
709,213,2,1,,24,2025-12-07 03:59:54,2025-12-07 03:59:54
710,213,3,2,1,,2025-12-07 03:59:54,2025-12-07 03:59:54
711,213,4,1,,2,2025-12-07 03:59:54,2025-12-07 03:59:54
712,214,1,2,20,,2025-12-07 03:59:54,2025-12-07 03:59:54
713,214,2,1,,9,2025-12-07 03:59:54,2025-12-07 03:59:54
714,214,3,1,,11,2025-12-07 03:59:54,2025-12-07 03:59:54
715,214,4,2,1,,2025-12-07 03:59:54,2025-12-07 03:59:54
716,215,1,1,,10,2025-12-07 03:59:54,2025-12-07 03:59:54
717,215,2,1,,12,2025-12-07 03:59:54,2025-12-07 03:59:54
718,215,3,2,10,,2025-12-07 03:59:54,2025-12-07 03:59:54
719,215,4,1,,2,2025-12-07 03:59:54,2025-12-07 03:59:54
720,216,1,1,,9,2025-12-07 03:59:54,2025-12-07 03:59:54
721,216,2,1,,11,2025-12-07 03:59:54,2025-12-07 03:59:54
722,216,3,2,10,,2025-12-07 03:59:54,2025-12-07 03:59:54
723,216,4,1,,3,2025-12-07 03:59:54,2025-12-07 03:59:54
724,217,1,1,,15,2025-12-07 03:59:54,2025-12-07 03:59:54
725,217,1,2,3,,2025-12-07 03:59:54,2025-12-07 03:59:54
726,217,2,1,,17,2025-12-07 03:59:54,2025-12-07 03:59:54
727,217,3,2,3,,2025-12-07 03:59:54,2025-12-07 03:59:54
728,217,4,1,,8,2025-12-07 03:59:54,2025-12-07 03:59:54
729,217,4,6,,9,2025-12-07 03:59:54,2025-12-07 03:59:54
730,218,1,1,,18,2025-12-07 03:59:54,2025-12-07 03:59:54
731,218,1,2,3,,2025-12-07 03:59:54,2025-12-07 03:59:54
732,218,2,1,,4,2025-12-07 03:59:54,2025-12-07 03:59:54
733,218,2,6,,20,2025-12-07 03:59:54,2025-12-07 03:59:54
734,218,3,2,3,,2025-12-07 03:59:54,2025-12-07 03:59:54
735,218,4,1,,5,2025-12-07 03:59:54,2025-12-07 03:59:54
736,219,1,1,,3,2025-12-07 03:59:54,2025-12-07 03:59:54
737,219,2,1,,1,2025-12-07 03:59:54,2025-12-07 03:59:54
738,219,3,1,,9,2025-12-07 03:59:54,2025-12-07 03:59:54
739,219,4,2,5,,2025-12-07 03:59:54,2025-12-07 03:59:54
740,220,1,1,,9,2025-12-07 03:59:54,2025-12-07 03:59:54
741,220,2,2,18,,2025-12-07 03:59:54,2025-12-07 03:59:54
742,220,3,2,14,,2025-12-07 03:59:54,2025-12-07 03:59:54
743,220,4,1,,1,2025-12-07 03:59:54,2025-12-07 03:59:54
744,221,1,2,20,,2025-12-07 03:59:54,2025-12-07 03:59:54
745,221,2,1,,18,2025-12-07 03:59:54,2025-12-07 03:59:54
746,221,3,1,,20,2025-12-07 03:59:54,2025-12-07 03:59:54
747,221,4,2,,AV. PANAMERICANA,2025-12-07 03:59:54,2025-12-07 03:59:54
748,221,4,2,20,,2025-12-07 03:59:54,2025-12-07 03:59:54
749,222,1,1,,30,2025-12-07 03:59:54,2025-12-07 03:59:54
750,222,2,1,,32,2025-12-07 03:59:54,2025-12-07 03:59:54
751,222,3,2,5,,2025-12-07 03:59:54,2025-12-07 03:59:54
752,222,4,1,,5,2025-12-07 03:59:54,2025-12-07 03:59:54
753,222,4,6,,6,2025-12-07 03:59:54,2025-12-07 03:59:54
754,241,1,1,,13,2025-12-07 03:59:54,2025-12-07 03:59:54
755,241,2,1,,15,2025-12-07 03:59:54,2025-12-07 03:59:54
756,241,3,2,14,,2025-12-07 03:59:54,2025-12-07 03:59:54
757,241,4,1,,7,2025-12-07 03:59:54,2025-12-07 03:59:54
758,223,1,1,,11,2025-12-07 03:59:54,2025-12-07 03:59:54
759,223,1,6,,13,2025-12-07 03:59:54,2025-12-07 03:59:54
760,223,2,1,,9,2025-12-07 03:59:54,2025-12-07 03:59:54
761,223,3,1,,15,2025-12-07 03:59:54,2025-12-07 03:59:54
762,223,4,2,5,,2025-12-07 03:59:54,2025-12-07 03:59:54
763,224,1,1,,23,2025-12-07 03:59:54,2025-12-07 03:59:54
764,224,2,1,,25,2025-12-07 03:59:54,2025-12-07 03:59:54
765,224,3,2,14,,2025-12-07 03:59:54,2025-12-07 03:59:54
766,224,4,1,,2,2025-12-07 03:59:54,2025-12-07 03:59:54
767,225,1,1,,17,2025-12-07 03:59:54,2025-12-07 03:59:54
768,225,2,1,,19,2025-12-07 03:59:54,2025-12-07 03:59:54
769,225,3,2,13,,2025-12-07 03:59:54,2025-12-07 03:59:54
770,225,4,1,,3,2025-12-07 03:59:54,2025-12-07 03:59:54
771,226,1,1,,16,2025-12-07 03:59:54,2025-12-07 03:59:54
772,226,2,1,,18,2025-12-07 03:59:54,2025-12-07 03:59:54
773,226,3,2,13,,2025-12-07 03:59:54,2025-12-07 03:59:54
774,226,4,1,,7,2025-12-07 03:59:54,2025-12-07 03:59:54
775,227,1,1,,10,2025-12-07 03:59:54,2025-12-07 03:59:54
776,227,2,1,,12,2025-12-07 03:59:54,2025-12-07 03:59:54
777,227,3,2,13,,2025-12-07 03:59:54,2025-12-07 03:59:54
778,227,4,1,,2,2025-12-07 03:59:54,2025-12-07 03:59:54
779,228,1,1,,20,2025-12-07 03:59:54,2025-12-07 03:59:54
780,228,2,1,,22,2025-12-07 03:59:54,2025-12-07 03:59:54
781,228,3,2,14,,2025-12-07 03:59:54,2025-12-07 03:59:54
782,228,4,1,,2,2025-12-07 03:59:54,2025-12-07 03:59:54
783,228,4,6,,3,2025-12-07 03:59:54,2025-12-07 03:59:54
784,229,1,1,,19,2025-12-07 03:59:54,2025-12-07 03:59:54
785,229,2,1,,21,2025-12-07 03:59:54,2025-12-07 03:59:54
786,229,3,2,14,,2025-12-07 03:59:54,2025-12-07 03:59:54
787,229,4,1,,4,2025-12-07 03:59:54,2025-12-07 03:59:54
788,230,1,1,,2,2025-12-07 03:59:54,2025-12-07 03:59:54
789,230,2,2,18,,2025-12-07 03:59:54,2025-12-07 03:59:54
790,230,2,2,,AV. PANAMERICANA,2025-12-07 03:59:54,2025-12-07 03:59:54
791,230,3,1,,10,2025-12-07 03:59:54,2025-12-07 03:59:54
792,230,3,2,,AV. PACIFICO,2025-12-07 03:59:54,2025-12-07 03:59:54
793,230,4,2,3,,2025-12-07 03:59:54,2025-12-07 03:59:54
794,231,1,2,12,,2025-12-07 03:59:54,2025-12-07 03:59:54
795,231,2,1,,5,2025-12-07 03:59:54,2025-12-07 03:59:54
796,231,3,1,,7,2025-12-07 03:59:54,2025-12-07 03:59:54
797,231,4,2,14,,2025-12-07 03:59:54,2025-12-07 03:59:54
798,232,1,1,,2,2025-12-07 03:59:54,2025-12-07 03:59:54
799,232,2,2,12,,2025-12-07 03:59:54,2025-12-07 03:59:54
800,232,2,2,14,,2025-12-07 03:59:54,2025-12-07 03:59:54
801,232,3,1,,20,2025-12-07 03:59:54,2025-12-07 03:59:54
802,232,3,2,12,,2025-12-07 03:59:54,2025-12-07 03:59:54
803,232,4,2,14,,2025-12-07 03:59:54,2025-12-07 03:59:54
804,233,1,1,,8,2025-12-07 03:59:54,2025-12-07 03:59:54
805,233,2,1,,6,2025-12-07 03:59:54,2025-12-07 03:59:54
806,233,3,1,,14,2025-12-07 03:59:54,2025-12-07 03:59:54
807,233,4,2,14,,2025-12-07 03:59:54,2025-12-07 03:59:54
808,234,1,1,,7,2025-12-07 03:59:54,2025-12-07 03:59:54
809,234,2,1,,5,2025-12-07 03:59:54,2025-12-07 03:59:54
810,234,3,1,,15,2025-12-07 03:59:54,2025-12-07 03:59:54
811,234,4,2,14,,2025-12-07 03:59:54,2025-12-07 03:59:54
812,236,1,1,,17,2025-12-07 03:59:54,2025-12-07 03:59:54
813,236,2,1,,19,2025-12-07 03:59:54,2025-12-07 03:59:54
814,236,3,2,14,,2025-12-07 03:59:54,2025-12-07 03:59:54
815,236,4,1,,3,2025-12-07 03:59:54,2025-12-07 03:59:54
816,237,1,1,,16,2025-12-07 03:59:54,2025-12-07 03:59:54
817,237,2,1,,18,2025-12-07 03:59:54,2025-12-07 03:59:54
818,237,3,2,14,,2025-12-07 03:59:54,2025-12-07 03:59:54
819,237,4,1,,4,2025-12-07 03:59:54,2025-12-07 03:59:54
820,166,1,1,,11,2025-12-07 03:59:54,2025-12-07 03:59:54
821,166,1,2,16,,2025-12-07 03:59:54,2025-12-07 03:59:54
822,166,2,2,11,,2025-12-07 03:59:54,2025-12-07 03:59:54
823,166,3,2,16,,2025-12-07 03:59:54,2025-12-07 03:59:54
824,166,4,1,,2,2025-12-07 03:59:54,2025-12-07 03:59:54
825,238,1,1,,15,2025-12-07 03:59:54,2025-12-07 03:59:54
826,238,2,1,,17,2025-12-07 03:59:54,2025-12-07 03:59:54
827,238,3,2,14,,2025-12-07 03:59:54,2025-12-07 03:59:54
828,238,4,1,,5,2025-12-07 03:59:54,2025-12-07 03:59:54
829,239,1,1,,14,2025-12-07 03:59:54,2025-12-07 03:59:54
830,239,2,1,,16,2025-12-07 03:59:54,2025-12-07 03:59:54
831,239,3,2,14,,2025-12-07 03:59:54,2025-12-07 03:59:54
832,239,4,1,,6,2025-12-07 03:59:54,2025-12-07 03:59:54
833,240,1,1,,8,2025-12-07 03:59:54,2025-12-07 03:59:54
834,240,2,1,,6,2025-12-07 03:59:54,2025-12-07 03:59:54
835,240,3,1,,14,2025-12-07 03:59:54,2025-12-07 03:59:54
836,240,4,2,5,,2025-12-07 03:59:54,2025-12-07 03:59:54
837,242,1,1,,12,2025-12-07 03:59:54,2025-12-07 03:59:54
838,242,2,1,,14,2025-12-07 03:59:54,2025-12-07 03:59:54
839,242,3,2,14,,2025-12-07 03:59:54,2025-12-07 03:59:54
840,242,4,1,,8,2025-12-07 03:59:54,2025-12-07 03:59:54
841,243,1,1,,32,2025-12-07 03:59:54,2025-12-07 03:59:54
842,243,1,2,5,,2025-12-07 03:59:54,2025-12-07 03:59:54
843,243,2,2,9,,2025-12-07 03:59:54,2025-12-07 03:59:54
844,243,3,2,5,,2025-12-07 03:59:54,2025-12-07 03:59:54
845,243,3,2,9,,2025-12-07 03:59:54,2025-12-07 03:59:54
846,243,4,1,,34,2025-12-07 03:59:54,2025-12-07 03:59:54
847,244,1,1,,19,2025-12-07 03:59:54,2025-12-07 03:59:54
848,244,2,2,2,,2025-12-07 03:59:54,2025-12-07 03:59:54
849,244,3,2,14,,2025-12-07 03:59:54,2025-12-07 03:59:54
850,244,4,1,,1,2025-12-07 03:59:54,2025-12-07 03:59:54
851,245,1,1,,18,2025-12-07 03:59:54,2025-12-07 03:59:54
852,245,2,1,,20,2025-12-07 03:59:54,2025-12-07 03:59:54
853,245,3,2,14,,2025-12-07 03:59:54,2025-12-07 03:59:54
854,245,4,1,,2,2025-12-07 03:59:54,2025-12-07 03:59:54
855,246,1,1,,15,2025-12-07 03:59:54,2025-12-07 03:59:54
856,246,2,1,,17,2025-12-07 03:59:54,2025-12-07 03:59:54
857,246,3,2,13,,2025-12-07 03:59:54,2025-12-07 03:59:54
858,246,4,1,,5,2025-12-07 03:59:54,2025-12-07 03:59:54
859,247,1,1,,14,2025-12-07 03:59:54,2025-12-07 03:59:54
860,247,2,1,,16,2025-12-07 03:59:54,2025-12-07 03:59:54
861,247,3,2,13,,2025-12-07 03:59:54,2025-12-07 03:59:54
862,247,4,1,,6,2025-12-07 03:59:54,2025-12-07 03:59:54
863,250,1,1,,13,2025-12-07 03:59:54,2025-12-07 03:59:54
864,250,2,1,,15,2025-12-07 03:59:54,2025-12-07 03:59:54
865,250,3,2,13,,2025-12-07 03:59:54,2025-12-07 03:59:54
866,250,4,1,,7,2025-12-07 03:59:54,2025-12-07 03:59:54
867,251,1,1,,12,2025-12-07 03:59:54,2025-12-07 03:59:54
868,251,2,1,,14,2025-12-07 03:59:54,2025-12-07 03:59:54
869,251,3,2,13,,2025-12-07 03:59:54,2025-12-07 03:59:54
870,251,4,1,,8,2025-12-07 03:59:54,2025-12-07 03:59:54
871,252,1,1,,9,2025-12-07 03:59:54,2025-12-07 03:59:54
872,252,2,1,,7,2025-12-07 03:59:54,2025-12-07 03:59:54
873,252,3,1,,13,2025-12-07 03:59:54,2025-12-07 03:59:54
874,252,4,2,14,,2025-12-07 03:59:54,2025-12-07 03:59:54
875,253,1,1,,10,2025-12-07 03:59:54,2025-12-07 03:59:54
876,253,2,1,,8,2025-12-07 03:59:54,2025-12-07 03:59:54
877,253,3,1,,12,2025-12-07 03:59:54,2025-12-07 03:59:54
878,253,4,2,14,,2025-12-07 03:59:54,2025-12-07 03:59:54
879,254,1,1,,11,2025-12-07 03:59:54,2025-12-07 03:59:54
880,254,2,1,,13,2025-12-07 03:59:54,2025-12-07 03:59:54
881,254,3,2,13,,2025-12-07 03:59:54,2025-12-07 03:59:54
882,254,4,1,,9,2025-12-07 03:59:54,2025-12-07 03:59:54
883,255,1,2,18,,2025-12-07 03:59:54,2025-12-07 03:59:54
884,255,2,1,,12,2025-12-07 03:59:54,2025-12-07 03:59:54
885,255,3,2,13,,2025-12-07 03:59:54,2025-12-07 03:59:54
886,255,4,1,,10,2025-12-07 03:59:54,2025-12-07 03:59:54
887,255,4,2,18,,2025-12-07 03:59:54,2025-12-07 03:59:54
888,256,1,2,18,,2025-12-07 03:59:54,2025-12-07 03:59:54
889,256,2,1,,9,2025-12-07 03:59:54,2025-12-07 03:59:54
890,256,3,1,,11,2025-12-07 03:59:54,2025-12-07 03:59:54
891,256,4,2,14,,2025-12-07 03:59:54,2025-12-07 03:59:54
892,257,1,1,,2,2025-12-07 03:59:54,2025-12-07 03:59:54
893,257,2,2,2,,2025-12-07 03:59:54,2025-12-07 03:59:54
894,257,3,1,,20,2025-12-07 03:59:54,2025-12-07 03:59:54
895,257,4,2,14,,2025-12-07 03:59:54,2025-12-07 03:59:54
896,259,1,1,,18,2025-12-07 03:59:54,2025-12-07 03:59:54
897,259,2,1,,20,2025-12-07 03:59:54,2025-12-07 03:59:54
898,259,3,2,13,,2025-12-07 03:59:54,2025-12-07 03:59:54
899,259,4,1,,2,2025-12-07 03:59:54,2025-12-07 03:59:54
900,260,1,1,,3,2025-12-07 03:59:54,2025-12-07 03:59:54
901,260,2,1,,1,2025-12-07 03:59:54,2025-12-07 03:59:54
902,260,3,1,,19,2025-12-07 03:59:54,2025-12-07 03:59:54
903,260,4,2,14,,2025-12-07 03:59:54,2025-12-07 03:59:54
904,261,1,1,,4,2025-12-07 03:59:54,2025-12-07 03:59:54
905,261,2,1,,2,2025-12-07 03:59:54,2025-12-07 03:59:54
906,261,3,1,,18,2025-12-07 03:59:54,2025-12-07 03:59:54
907,261,4,2,14,,2025-12-07 03:59:54,2025-12-07 03:59:54
908,262,1,1,,17,2025-12-07 03:59:54,2025-12-07 03:59:54
909,262,2,1,,19,2025-12-07 03:59:54,2025-12-07 03:59:54
910,262,3,2,13,,2025-12-07 03:59:54,2025-12-07 03:59:54
911,262,4,1,,3,2025-12-07 03:59:54,2025-12-07 03:59:54
912,263,1,1,,16,2025-12-07 03:59:54,2025-12-07 03:59:54
913,263,2,1,,18,2025-12-07 03:59:54,2025-12-07 03:59:54
914,263,3,2,13,,2025-12-07 03:59:54,2025-12-07 03:59:54
915,263,4,1,,4,2025-12-07 03:59:54,2025-12-07 03:59:54
916,266,1,1,,19,2025-12-07 03:59:54,2025-12-07 03:59:54
917,266,2,2,12,,2025-12-07 03:59:54,2025-12-07 03:59:54
918,266,3,2,13,,2025-12-07 03:59:54,2025-12-07 03:59:54
919,266,4,1,,1,2025-12-07 03:59:54,2025-12-07 03:59:54
920,267,1,1,,18,2025-12-07 03:59:54,2025-12-07 03:59:54
921,267,2,1,,20,2025-12-07 03:59:54,2025-12-07 03:59:54
922,267,3,2,13,,2025-12-07 03:59:54,2025-12-07 03:59:54
923,267,4,1,,2,2025-12-07 03:59:54,2025-12-07 03:59:54
924,269,1,1,,4,2025-12-07 03:59:54,2025-12-07 03:59:54
925,269,2,1,,2,2025-12-07 03:59:54,2025-12-07 03:59:54
926,269,3,1,,18,2025-12-07 03:59:54,2025-12-07 03:59:54
927,269,4,2,14,,2025-12-07 03:59:54,2025-12-07 03:59:54
928,272,1,1,,15,2025-12-07 03:59:54,2025-12-07 03:59:54
929,272,2,1,,17,2025-12-07 03:59:54,2025-12-07 03:59:54
930,272,3,2,13,,2025-12-07 03:59:54,2025-12-07 03:59:54
931,272,4,1,,5,2025-12-07 03:59:54,2025-12-07 03:59:54
932,273,1,1,,6,2025-12-07 03:59:54,2025-12-07 03:59:54
933,273,2,1,,4,2025-12-07 03:59:54,2025-12-07 03:59:54
934,273,3,1,,16,2025-12-07 03:59:54,2025-12-07 03:59:54
935,273,4,2,14,,2025-12-07 03:59:54,2025-12-07 03:59:54
936,274,1,1,,14,2025-12-07 03:59:54,2025-12-07 03:59:54
937,274,2,1,,16,2025-12-07 03:59:54,2025-12-07 03:59:54
938,274,3,2,13,,2025-12-07 03:59:54,2025-12-07 03:59:54
939,274,4,1,,6,2025-12-07 03:59:54,2025-12-07 03:59:54
940,275,1,1,,13,2025-12-07 03:59:54,2025-12-07 03:59:54
941,275,2,1,,15,2025-12-07 03:59:54,2025-12-07 03:59:54
942,275,3,2,13,,2025-12-07 03:59:54,2025-12-07 03:59:54
943,275,4,1,,7,2025-12-07 03:59:54,2025-12-07 03:59:54
944,15,1,2,2,,2025-12-07 03:59:54,2025-12-07 03:59:54
945,15,2,1,,8,2025-12-07 03:59:54,2025-12-07 03:59:54
946,15,3,1,,11,2025-12-07 03:59:54,2025-12-07 03:59:54
947,15,4,1,,9,2025-12-07 03:59:54,2025-12-07 03:59:54
948,36,1,1,,8,2025-12-07 03:59:54,2025-12-07 03:59:54
949,36,2,1,,6,2025-12-07 03:59:54,2025-12-07 03:59:54
950,36,3,1,,13,2025-12-07 03:59:54,2025-12-07 03:59:54
951,36,4,2,13,,2025-12-07 03:59:54,2025-12-07 03:59:54
952,276,1,1,,12,2025-12-07 03:59:54,2025-12-07 03:59:54
953,276,2,1,,14,2025-12-07 03:59:54,2025-12-07 03:59:54
954,276,3,2,13,,2025-12-07 03:59:54,2025-12-07 03:59:54
955,276,4,1,,8,2025-12-07 03:59:54,2025-12-07 03:59:54
956,277,1,1,,11,2025-12-07 03:59:54,2025-12-07 03:59:54
957,277,2,1,,13,2025-12-07 03:59:54,2025-12-07 03:59:54
958,277,3,2,13,,2025-12-07 03:59:54,2025-12-07 03:59:54
959,277,4,1,,9,2025-12-07 03:59:54,2025-12-07 03:59:54
960,278,1,2,2,,2025-12-07 03:59:54,2025-12-07 03:59:54
961,278,2,1,,9,2025-12-07 03:59:54,2025-12-07 03:59:54
962,278,3,1,,11,2025-12-07 03:59:54,2025-12-07 03:59:54
963,278,4,2,14,,2025-12-07 03:59:54,2025-12-07 03:59:54
964,279,1,2,2,,2025-12-07 03:59:54,2025-12-07 03:59:54
965,279,2,1,,12,2025-12-07 03:59:54,2025-12-07 03:59:54
966,279,3,2,13,,2025-12-07 03:59:54,2025-12-07 03:59:54
967,279,4,2,2,,2025-12-07 03:59:54,2025-12-07 03:59:54
968,280,1,1,,18,2025-12-07 03:59:54,2025-12-07 03:59:54
969,280,2,1,,20,2025-12-07 03:59:54,2025-12-07 03:59:54
970,280,3,2,14,,2025-12-07 03:59:54,2025-12-07 03:59:54
971,280,4,1,,5,2025-12-07 03:59:54,2025-12-07 03:59:54
972,282,1,1,,7,2025-12-07 03:59:54,2025-12-07 03:59:54
973,282,2,1,,5,2025-12-07 03:59:54,2025-12-07 03:59:54
974,282,3,1,,18,2025-12-07 03:59:54,2025-12-07 03:59:54
975,282,4,2,5,,2025-12-07 03:59:54,2025-12-07 03:59:54
976,283,1,1,,17,2025-12-07 03:59:54,2025-12-07 03:59:54
977,283,2,1,,19,2025-12-07 03:59:54,2025-12-07 03:59:54
978,283,3,2,14,,2025-12-07 03:59:54,2025-12-07 03:59:54
979,283,4,1,,6,2025-12-07 03:59:54,2025-12-07 03:59:54
980,284,1,1,,16,2025-12-07 03:59:54,2025-12-07 03:59:54
981,284,2,1,,18,2025-12-07 03:59:54,2025-12-07 03:59:54
982,284,3,2,14,,2025-12-07 03:59:54,2025-12-07 03:59:54
983,284,4,1,,7,2025-12-07 03:59:54,2025-12-07 03:59:54
984,284,4,6,,8,2025-12-07 03:59:54,2025-12-07 03:59:54
985,285,1,1,,14,2025-12-07 03:59:54,2025-12-07 03:59:54
986,285,2,1,,16,2025-12-07 03:59:54,2025-12-07 03:59:54
987,285,3,2,14,,2025-12-07 03:59:54,2025-12-07 03:59:54
988,285,4,1,,10,2025-12-07 03:59:54,2025-12-07 03:59:54
989,286,1,1,,15,2025-12-07 03:59:54,2025-12-07 03:59:54
990,286,2,1,,17,2025-12-07 03:59:54,2025-12-07 03:59:54
991,286,3,2,14,,2025-12-07 03:59:54,2025-12-07 03:59:54
992,286,4,1,,9,2025-12-07 03:59:54,2025-12-07 03:59:54
993,287,1,1,,10,2025-12-07 03:59:54,2025-12-07 03:59:54
994,287,2,1,,8,2025-12-07 03:59:54,2025-12-07 03:59:54
995,287,3,1,,16,2025-12-07 03:59:54,2025-12-07 03:59:54
996,287,4,2,5,,2025-12-07 03:59:54,2025-12-07 03:59:54
997,288,1,1,,11,2025-12-07 03:59:54,2025-12-07 03:59:54
998,288,2,1,,9,2025-12-07 03:59:54,2025-12-07 03:59:54
999,288,3,1,,15,2025-12-07 03:59:54,2025-12-07 03:59:54
1000,288,4,2,5,,2025-12-07 03:59:54,2025-12-07 03:59:54
1001,289,1,1,,12,2025-12-07 03:59:54,2025-12-07 03:59:54
1002,289,2,1,,11,2025-12-07 03:59:54,2025-12-07 03:59:54
1003,289,3,1,,14,2025-12-07 03:59:54,2025-12-07 03:59:54
1004,289,4,2,5,,2025-12-07 03:59:54,2025-12-07 03:59:54
1005,290,1,1,,13,2025-12-07 03:59:54,2025-12-07 03:59:54
1006,290,2,1,,15,2025-12-07 03:59:54,2025-12-07 03:59:54
1007,290,3,2,14,,2025-12-07 03:59:54,2025-12-07 03:59:54
1008,290,4,1,,11,2025-12-07 03:59:54,2025-12-07 03:59:54
1009,168,1,1,,12,2025-12-07 03:59:54,2025-12-07 03:59:54
1010,168,2,1,,14,2025-12-07 03:59:54,2025-12-07 03:59:54
1011,168,3,2,,AV. PANAMERICANA,2025-12-07 03:59:54,2025-12-07 03:59:54
1012,168,4,1,,7,2025-12-07 03:59:54,2025-12-07 03:59:54
1013,291,1,1,,2,2025-12-07 03:59:54,2025-12-07 03:59:54
1014,291,2,2,12,,2025-12-07 03:59:54,2025-12-07 03:59:54
1015,291,3,1,,22,2025-12-07 03:59:54,2025-12-07 03:59:54
1016,291,4,2,5,,2025-12-07 03:59:54,2025-12-07 03:59:54
1017,292,1,1,,21,2025-12-07 03:59:54,2025-12-07 03:59:54
1018,292,2,2,12,,2025-12-07 03:59:54,2025-12-07 03:59:54
1019,292,3,2,14,,2025-12-07 03:59:54,2025-12-07 03:59:54
1020,292,3,2,12,,2025-12-07 03:59:54,2025-12-07 03:59:54
1021,292,4,1,,1,2025-12-07 03:59:54,2025-12-07 03:59:54
1022,293,1,1,,3,2025-12-07 03:59:54,2025-12-07 03:59:54
1023,293,2,1,,1,2025-12-07 03:59:54,2025-12-07 03:59:54
1024,293,3,1,,21,2025-12-07 03:59:54,2025-12-07 03:59:54
1025,293,3,6,,22,2025-12-07 03:59:54,2025-12-07 03:59:54
1026,293,4,2,5,,2025-12-07 03:59:54,2025-12-07 03:59:54
1027,294,1,1,,4,2025-12-07 03:59:54,2025-12-07 03:59:54
1028,294,2,1,,2,2025-12-07 03:59:54,2025-12-07 03:59:54
1029,294,3,1,,21,2025-12-07 03:59:54,2025-12-07 03:59:54
1030,294,4,2,5,,2025-12-07 03:59:54,2025-12-07 03:59:54
1031,295,1,1,,5,2025-12-07 03:59:54,2025-12-07 03:59:54
1032,295,2,1,,3,2025-12-07 03:59:54,2025-12-07 03:59:54
1033,295,3,1,,20,2025-12-07 03:59:54,2025-12-07 03:59:54
1034,295,4,2,5,,2025-12-07 03:59:54,2025-12-07 03:59:54
1035,296,1,1,,3,2025-12-07 03:59:54,2025-12-07 03:59:54
1036,296,2,1,,1,2025-12-07 03:59:54,2025-12-07 03:59:54
1037,296,3,1,,11,2025-12-07 03:59:54,2025-12-07 03:59:54
1038,296,4,2,14,,2025-12-07 03:59:54,2025-12-07 03:59:54
1039,298,1,1,,5,2025-12-07 03:59:54,2025-12-07 03:59:54
1040,298,2,1,,3,2025-12-07 03:59:54,2025-12-07 03:59:54
1041,298,3,1,,9,2025-12-07 03:59:54,2025-12-07 03:59:54
1042,298,4,2,14,,2025-12-07 03:59:54,2025-12-07 03:59:54
1043,299,1,2,12,,2025-12-07 03:59:54,2025-12-07 03:59:54
1044,299,1,2,13,,2025-12-07 03:59:54,2025-12-07 03:59:54
1045,299,2,1,,8,2025-12-07 03:59:54,2025-12-07 03:59:54
1046,299,3,2,13,,2025-12-07 03:59:54,2025-12-07 03:59:54
1047,299,4,1,,6,2025-12-07 03:59:54,2025-12-07 03:59:54
1048,300,1,1,,6,2025-12-07 03:59:54,2025-12-07 03:59:54
1049,300,2,1,,4,2025-12-07 03:59:54,2025-12-07 03:59:54
1050,300,3,1,,19,2025-12-07 03:59:54,2025-12-07 03:59:54
1051,300,4,2,14,,2025-12-07 03:59:54,2025-12-07 03:59:54
1052,301,1,1,,7,2025-12-07 03:59:54,2025-12-07 03:59:54
1053,301,2,1,,5,2025-12-07 03:59:54,2025-12-07 03:59:54
1054,301,3,1,,18,2025-12-07 03:59:54,2025-12-07 03:59:54
1055,301,4,2,14,,2025-12-07 03:59:54,2025-12-07 03:59:54
1056,302,1,1,,8,2025-12-07 03:59:54,2025-12-07 03:59:54
1057,302,2,1,,6,2025-12-07 03:59:54,2025-12-07 03:59:54
1058,302,3,1,,17,2025-12-07 03:59:54,2025-12-07 03:59:54
1059,302,4,2,14,,2025-12-07 03:59:54,2025-12-07 03:59:54
1060,303,1,1,,9,2025-12-07 03:59:54,2025-12-07 03:59:54
1061,303,2,1,,7,2025-12-07 03:59:54,2025-12-07 03:59:54
1062,303,3,1,,16,2025-12-07 03:59:54,2025-12-07 03:59:54
1063,303,4,2,14,,2025-12-07 03:59:54,2025-12-07 03:59:54
1064,304,1,1,,10,2025-12-07 03:59:54,2025-12-07 03:59:54
1065,304,2,1,,8,2025-12-07 03:59:54,2025-12-07 03:59:54
1066,304,3,1,,15,2025-12-07 03:59:55,2025-12-07 03:59:55
1067,304,4,2,14,,2025-12-07 03:59:55,2025-12-07 03:59:55
1068,305,1,2,20,,2025-12-07 03:59:55,2025-12-07 03:59:55
1069,305,2,1,,11,2025-12-07 03:59:55,2025-12-07 03:59:55
1070,305,3,1,,13,2025-12-07 03:59:55,2025-12-07 03:59:55
1071,305,4,2,14,,2025-12-07 03:59:55,2025-12-07 03:59:55
1072,306,1,1,,2,2025-12-07 03:59:55,2025-12-07 03:59:55
1073,306,2,2,9,,2025-12-07 03:59:55,2025-12-07 03:59:55
1074,306,3,1,,22,2025-12-07 03:59:55,2025-12-07 03:59:55
1075,306,4,2,14,,2025-12-07 03:59:55,2025-12-07 03:59:55
1076,307,1,1,,3,2025-12-07 03:59:55,2025-12-07 03:59:55
1077,307,2,1,,1,2025-12-07 03:59:55,2025-12-07 03:59:55
1078,307,3,1,,21,2025-12-07 03:59:55,2025-12-07 03:59:55
1079,307,4,2,14,,2025-12-07 03:59:55,2025-12-07 03:59:55
1080,308,1,1,,20,2025-12-07 03:59:55,2025-12-07 03:59:55
1081,308,2,1,,22,2025-12-07 03:59:55,2025-12-07 03:59:55
1082,308,3,2,14,,2025-12-07 03:59:55,2025-12-07 03:59:55
1083,308,4,1,,5,2025-12-07 03:59:55,2025-12-07 03:59:55
1084,309,1,1,,18,2025-12-07 03:59:55,2025-12-07 03:59:55
1085,309,2,1,,20,2025-12-07 03:59:55,2025-12-07 03:59:55
1086,309,3,2,14,,2025-12-07 03:59:55,2025-12-07 03:59:55
1087,309,4,1,,6,2025-12-07 03:59:55,2025-12-07 03:59:55
1088,309,4,6,,7,2025-12-07 03:59:55,2025-12-07 03:59:55
1089,310,1,1,,7,2025-12-07 03:59:55,2025-12-07 03:59:55
1090,310,2,1,,5,2025-12-07 03:59:55,2025-12-07 03:59:55
1091,310,2,2,5,,2025-12-07 03:59:55,2025-12-07 03:59:55
1092,310,3,1,,19,2025-12-07 03:59:55,2025-12-07 03:59:55
1093,310,3,6,,20,2025-12-07 03:59:55,2025-12-07 03:59:55
1094,310,4,2,5,,2025-12-07 03:59:55,2025-12-07 03:59:55
1095,311,1,1,,8,2025-12-07 03:59:55,2025-12-07 03:59:55
1096,311,2,1,,6,2025-12-07 03:59:55,2025-12-07 03:59:55
1097,311,2,2,5,,2025-12-07 03:59:55,2025-12-07 03:59:55
1098,311,3,1,,18,2025-12-07 03:59:55,2025-12-07 03:59:55
1099,311,4,2,5,,2025-12-07 03:59:55,2025-12-07 03:59:55
1100,312,1,1,,17,2025-12-07 03:59:55,2025-12-07 03:59:55
1101,312,2,1,,19,2025-12-07 03:59:55,2025-12-07 03:59:55
1102,312,3,2,14,,2025-12-07 03:59:55,2025-12-07 03:59:55
1103,312,4,1,,7,2025-12-07 03:59:55,2025-12-07 03:59:55
1104,313,1,1,,16,2025-12-07 03:59:55,2025-12-07 03:59:55
1105,313,2,1,,18,2025-12-07 03:59:55,2025-12-07 03:59:55
1106,313,3,2,14,,2025-12-07 03:59:55,2025-12-07 03:59:55
1107,313,4,1,,9,2025-12-07 03:59:55,2025-12-07 03:59:55
1108,313,4,6,,10,2025-12-07 03:59:55,2025-12-07 03:59:55
1109,315,1,1,,15,2025-12-07 03:59:55,2025-12-07 03:59:55
1110,315,2,1,,17,2025-12-07 03:59:55,2025-12-07 03:59:55
1111,315,2,6,,9,2025-12-07 03:59:55,2025-12-07 03:59:55
1112,315,3,2,14,,2025-12-07 03:59:55,2025-12-07 03:59:55
1113,315,4,1,,10,2025-12-07 03:59:55,2025-12-07 03:59:55
1114,315,4,6,,15,2025-12-07 03:59:55,2025-12-07 03:59:55
1115,316,1,1,,13,2025-12-07 03:59:55,2025-12-07 03:59:55
1116,316,1,6,,14,2025-12-07 03:59:55,2025-12-07 03:59:55
1117,316,2,1,,16,2025-12-07 03:59:55,2025-12-07 03:59:55
1118,316,3,2,14,,2025-12-07 03:59:55,2025-12-07 03:59:55
1119,316,4,1,,10,2025-12-07 03:59:55,2025-12-07 03:59:55
1120,316,4,6,,11,2025-12-07 03:59:55,2025-12-07 03:59:55
1121,317,1,1,,22,2025-12-07 03:59:55,2025-12-07 03:59:55
1122,317,2,1,,24,2025-12-07 03:59:55,2025-12-07 03:59:55
1123,317,3,2,14,,2025-12-07 03:59:55,2025-12-07 03:59:55
1124,317,4,1,,3,2025-12-07 03:59:55,2025-12-07 03:59:55
1125,318,1,1,,4,2025-12-07 03:59:55,2025-12-07 03:59:55
1126,318,2,1,,2,2025-12-07 03:59:55,2025-12-07 03:59:55
1127,318,3,1,,22,2025-12-07 03:59:55,2025-12-07 03:59:55
1128,318,4,2,3,,2025-12-07 03:59:55,2025-12-07 03:59:55
1129,319,1,1,,5,2025-12-07 03:59:55,2025-12-07 03:59:55
1130,319,2,1,,3,2025-12-07 03:59:55,2025-12-07 03:59:55
1131,319,2,2,5,,2025-12-07 03:59:55,2025-12-07 03:59:55
1132,319,3,1,,22,2025-12-07 03:59:55,2025-12-07 03:59:55
1133,319,4,2,5,,2025-12-07 03:59:55,2025-12-07 03:59:55
1134,320,1,1,,24,2025-12-07 03:59:55,2025-12-07 03:59:55
1135,320,2,2,9,,2025-12-07 03:59:55,2025-12-07 03:59:55
1136,320,3,2,14,,2025-12-07 03:59:55,2025-12-07 03:59:55
1137,320,3,2,9,,2025-12-07 03:59:55,2025-12-07 03:59:55
1138,320,4,1,,1,2025-12-07 03:59:55,2025-12-07 03:59:55
1139,321,1,1,,3,2025-12-07 03:59:55,2025-12-07 03:59:55
1140,321,2,1,,1,2025-12-07 03:59:55,2025-12-07 03:59:55
1141,321,3,1,,23,2025-12-07 03:59:55,2025-12-07 03:59:55
1142,321,4,2,5,,2025-12-07 03:59:55,2025-12-07 03:59:55
1143,322,1,1,,4,2025-12-07 03:59:55,2025-12-07 03:59:55
1144,322,2,1,,2,2025-12-07 03:59:55,2025-12-07 03:59:55
1145,322,3,1,,22,2025-12-07 03:59:55,2025-12-07 03:59:55
1146,322,4,2,5,,2025-12-07 03:59:55,2025-12-07 03:59:55
1147,323,1,1,,5,2025-12-07 03:59:55,2025-12-07 03:59:55
1148,323,2,1,,3,2025-12-07 03:59:55,2025-12-07 03:59:55
1149,323,3,1,,21,2025-12-07 03:59:55,2025-12-07 03:59:55
1150,323,4,2,5,,2025-12-07 03:59:55,2025-12-07 03:59:55
1151,324,1,1,,6,2025-12-07 03:59:55,2025-12-07 03:59:55
1152,324,2,1,,4,2025-12-07 03:59:55,2025-12-07 03:59:55
1153,324,3,1,,20,2025-12-07 03:59:55,2025-12-07 03:59:55
1154,324,4,2,5,,2025-12-07 03:59:55,2025-12-07 03:59:55
1155,325,1,1,,7,2025-12-07 03:59:55,2025-12-07 03:59:55
1156,325,2,1,,5,2025-12-07 03:59:55,2025-12-07 03:59:55
1157,325,3,1,,19,2025-12-07 03:59:55,2025-12-07 03:59:55
1158,325,4,2,5,,2025-12-07 03:59:55,2025-12-07 03:59:55
1159,327,1,1,,9,2025-12-07 03:59:55,2025-12-07 03:59:55
1160,327,2,1,,7,2025-12-07 03:59:55,2025-12-07 03:59:55
1161,327,3,1,,17,2025-12-07 03:59:55,2025-12-07 03:59:55
1162,327,4,2,5,,2025-12-07 03:59:55,2025-12-07 03:59:55
1163,328,1,1,,14,2025-12-07 03:59:55,2025-12-07 03:59:55
1164,328,2,1,,16,2025-12-07 03:59:55,2025-12-07 03:59:55
1165,328,3,2,14,,2025-12-07 03:59:55,2025-12-07 03:59:55
1166,328,4,1,,10,2025-12-07 03:59:55,2025-12-07 03:59:55
1167,329,1,1,,6,2025-12-07 03:59:55,2025-12-07 03:59:55
1168,329,2,1,,4,2025-12-07 03:59:55,2025-12-07 03:59:55
1169,329,3,1,,16,2025-12-07 03:59:55,2025-12-07 03:59:55
1170,329,4,2,14,,2025-12-07 03:59:55,2025-12-07 03:59:55
1171,330,1,1,,7,2025-12-07 03:59:55,2025-12-07 03:59:55
1172,330,2,1,,5,2025-12-07 03:59:55,2025-12-07 03:59:55
1173,330,3,1,,15,2025-12-07 03:59:55,2025-12-07 03:59:55
1174,330,4,2,14,,2025-12-07 03:59:55,2025-12-07 03:59:55
1175,331,1,1,,8,2025-12-07 03:59:55,2025-12-07 03:59:55
1176,331,2,1,,6,2025-12-07 03:59:55,2025-12-07 03:59:55
1177,331,3,1,,14,2025-12-07 03:59:55,2025-12-07 03:59:55
1178,331,4,2,14,,2025-12-07 03:59:55,2025-12-07 03:59:55
1179,332,1,1,,9,2025-12-07 03:59:55,2025-12-07 03:59:55
1180,332,2,1,,7,2025-12-07 03:59:55,2025-12-07 03:59:55
1181,332,3,1,,13,2025-12-07 03:59:55,2025-12-07 03:59:55
1182,332,4,2,14,,2025-12-07 03:59:55,2025-12-07 03:59:55
1183,333,1,1,,10,2025-12-07 03:59:55,2025-12-07 03:59:55
1184,333,2,1,,9,2025-12-07 03:59:55,2025-12-07 03:59:55
1185,333,3,1,,12,2025-12-07 03:59:55,2025-12-07 03:59:55
1186,333,4,2,14,,2025-12-07 03:59:55,2025-12-07 03:59:55
1187,334,1,1,,3,2025-12-07 03:59:55,2025-12-07 03:59:55
1188,334,2,1,,1,2025-12-07 03:59:55,2025-12-07 03:59:55
1189,334,3,1,,19,2025-12-07 03:59:55,2025-12-07 03:59:55
1190,334,4,2,14,,2025-12-07 03:59:55,2025-12-07 03:59:55
1191,335,1,1,,4,2025-12-07 03:59:55,2025-12-07 03:59:55
1192,335,2,1,,2,2025-12-07 03:59:55,2025-12-07 03:59:55
1193,335,3,1,,18,2025-12-07 03:59:55,2025-12-07 03:59:55
1194,335,4,2,14,,2025-12-07 03:59:55,2025-12-07 03:59:55
1195,336,1,1,,5,2025-12-07 03:59:55,2025-12-07 03:59:55
1196,336,2,1,,3,2025-12-07 03:59:55,2025-12-07 03:59:55
1197,336,3,1,,17,2025-12-07 03:59:55,2025-12-07 03:59:55
1198,336,4,2,14,,2025-12-07 03:59:55,2025-12-07 03:59:55
1199,337,1,1,,20,2025-12-07 03:59:55,2025-12-07 03:59:55
1200,337,2,1,,22,2025-12-07 03:59:55,2025-12-07 03:59:55
1201,337,3,2,10,,2025-12-07 03:59:55,2025-12-07 03:59:55
1202,337,4,1,,2,2025-12-07 03:59:55,2025-12-07 03:59:55
1203,339,1,1,,4,2025-12-07 03:59:55,2025-12-07 03:59:55
1204,339,2,1,,2,2025-12-07 03:59:55,2025-12-07 03:59:55
1205,339,3,1,,20,2025-12-07 03:59:55,2025-12-07 03:59:55
1206,339,4,2,1,,2025-12-07 03:59:55,2025-12-07 03:59:55
1207,341,1,1,,18,2025-12-07 03:59:55,2025-12-07 03:59:55
1208,341,2,1,,20,2025-12-07 03:59:55,2025-12-07 03:59:55
1209,341,3,2,10,,2025-12-07 03:59:55,2025-12-07 03:59:55
1210,341,4,1,,4,2025-12-07 03:59:55,2025-12-07 03:59:55
1211,341,4,6,,5,2025-12-07 03:59:55,2025-12-07 03:59:55
1212,342,1,1,,6,2025-12-07 03:59:55,2025-12-07 03:59:55
1213,342,2,1,,4,2025-12-07 03:59:55,2025-12-07 03:59:55
1214,342,3,1,,19,2025-12-07 03:59:55,2025-12-07 03:59:55
1215,342,4,2,1,,2025-12-07 03:59:55,2025-12-07 03:59:55
1216,343,1,1,,7,2025-12-07 03:59:55,2025-12-07 03:59:55
1217,343,2,1,,5,2025-12-07 03:59:55,2025-12-07 03:59:55
1218,343,3,1,,18,2025-12-07 03:59:55,2025-12-07 03:59:55
1219,343,4,2,1,,2025-12-07 03:59:55,2025-12-07 03:59:55
1220,344,1,1,,17,2025-12-07 03:59:55,2025-12-07 03:59:55
1221,344,2,1,,19,2025-12-07 03:59:55,2025-12-07 03:59:55
1222,344,3,2,10,,2025-12-07 03:59:55,2025-12-07 03:59:55
1223,344,4,1,,6,2025-12-07 03:59:55,2025-12-07 03:59:55
1224,345,1,1,,8,2025-12-07 03:59:55,2025-12-07 03:59:55
1225,345,2,1,,6,2025-12-07 03:59:55,2025-12-07 03:59:55
1226,345,3,1,,17,2025-12-07 03:59:55,2025-12-07 03:59:55
1227,345,4,2,1,,2025-12-07 03:59:55,2025-12-07 03:59:55
1228,346,1,1,,12,2025-12-07 03:59:55,2025-12-07 03:59:55
1229,346,2,1,,14,2025-12-07 03:59:55,2025-12-07 03:59:55
1230,346,3,2,10,,2025-12-07 03:59:55,2025-12-07 03:59:55
1231,346,4,1,,10,2025-12-07 03:59:55,2025-12-07 03:59:55
1232,347,1,1,,9,2025-12-07 03:59:55,2025-12-07 03:59:55
1233,347,2,1,,7,2025-12-07 03:59:55,2025-12-07 03:59:55
1234,347,3,1,,18,2025-12-07 03:59:55,2025-12-07 03:59:55
1235,347,4,2,1,,2025-12-07 03:59:55,2025-12-07 03:59:55
1236,348,1,1,,17,2025-12-07 03:59:55,2025-12-07 03:59:55
1237,348,2,1,,19,2025-12-07 03:59:55,2025-12-07 03:59:55
1238,348,3,2,10,,2025-12-07 03:59:55,2025-12-07 03:59:55
1239,348,4,1,,8,2025-12-07 03:59:55,2025-12-07 03:59:55
1240,349,1,1,,16,2025-12-07 03:59:55,2025-12-07 03:59:55
1241,349,2,1,,18,2025-12-07 03:59:55,2025-12-07 03:59:55
1242,349,3,2,10,,2025-12-07 03:59:55,2025-12-07 03:59:55
1243,349,4,1,,9,2025-12-07 03:59:55,2025-12-07 03:59:55
1244,351,1,1,,15,2025-12-07 03:59:55,2025-12-07 03:59:55
1245,351,2,1,,17,2025-12-07 03:59:55,2025-12-07 03:59:55
1246,351,3,2,10,,2025-12-07 03:59:55,2025-12-07 03:59:55
1247,351,4,1,,10,2025-12-07 03:59:55,2025-12-07 03:59:55
1248,353,1,1,,12,2025-12-07 03:59:55,2025-12-07 03:59:55
1249,353,2,1,,10,2025-12-07 03:59:55,2025-12-07 03:59:55
1250,353,3,1,,15,2025-12-07 03:59:55,2025-12-07 03:59:55
1251,353,4,2,1,,2025-12-07 03:59:55,2025-12-07 03:59:55
1252,354,1,1,,13,2025-12-07 03:59:55,2025-12-07 03:59:55
1253,354,2,1,,15,2025-12-07 03:59:55,2025-12-07 03:59:55
1254,354,3,2,10,,2025-12-07 03:59:55,2025-12-07 03:59:55
1255,354,4,1,,12,2025-12-07 03:59:55,2025-12-07 03:59:55
1256,356,1,1,,24,2025-12-07 03:59:55,2025-12-07 03:59:55
1257,356,2,1,,26,2025-12-07 03:59:55,2025-12-07 03:59:55
1258,356,3,2,10,,2025-12-07 03:59:55,2025-12-07 03:59:55
1259,356,4,1,,2,2025-12-07 03:59:55,2025-12-07 03:59:55
1260,357,1,1,,23,2025-12-07 03:59:55,2025-12-07 03:59:55
1261,357,2,1,,25,2025-12-07 03:59:55,2025-12-07 03:59:55
1262,357,3,2,10,,2025-12-07 03:59:55,2025-12-07 03:59:55
1263,357,4,1,,2,2025-12-07 03:59:55,2025-12-07 03:59:55
1264,357,4,6,,3,2025-12-07 03:59:55,2025-12-07 03:59:55
1265,360,1,1,,20,2025-12-07 03:59:55,2025-12-07 03:59:55
1266,360,2,1,,22,2025-12-07 03:59:55,2025-12-07 03:59:55
1267,360,3,2,10,,2025-12-07 03:59:55,2025-12-07 03:59:55
1268,360,4,1,,6,2025-12-07 03:59:55,2025-12-07 03:59:55
1269,361,1,1,,7,2025-12-07 03:59:55,2025-12-07 03:59:55
1270,361,2,1,,5,2025-12-07 03:59:55,2025-12-07 03:59:55
1271,361,3,1,,21,2025-12-07 03:59:55,2025-12-07 03:59:55
1272,361,4,2,1,,2025-12-07 03:59:55,2025-12-07 03:59:55
1273,362,1,1,,14,2025-12-07 03:59:55,2025-12-07 03:59:55
1274,362,2,1,,1,2025-12-07 03:59:55,2025-12-07 03:59:55
1275,362,3,2,1,,2025-12-07 03:59:55,2025-12-07 03:59:55
1276,362,4,1,,2,2025-12-07 03:59:55,2025-12-07 03:59:55
1277,363,1,1,,13,2025-12-07 03:59:55,2025-12-07 03:59:55
1278,363,2,1,,15,2025-12-07 03:59:55,2025-12-07 03:59:55
1279,363,3,2,1,,2025-12-07 03:59:55,2025-12-07 03:59:55
1280,363,4,1,,3,2025-12-07 03:59:55,2025-12-07 03:59:55
1281,365,1,1,,5,2025-12-07 03:59:55,2025-12-07 03:59:55
1282,365,2,1,,3,2025-12-07 03:59:55,2025-12-07 03:59:55
1283,365,3,1,,11,2025-12-07 03:59:55,2025-12-07 03:59:55
1284,365,4,2,,AV. TUPAC KATARI,2025-12-07 03:59:55,2025-12-07 03:59:55
1285,366,1,1,,6,2025-12-07 03:59:55,2025-12-07 03:59:55
1286,366,2,1,,4,2025-12-07 03:59:55,2025-12-07 03:59:55
1287,366,3,1,,12,2025-12-07 03:59:55,2025-12-07 03:59:55
1288,366,4,2,16,,2025-12-07 03:59:55,2025-12-07 03:59:55
1289,367,1,1,,11,2025-12-07 03:59:55,2025-12-07 03:59:55
1290,367,2,1,,13,2025-12-07 03:59:55,2025-12-07 03:59:55
1291,367,3,2,1,,2025-12-07 03:59:55,2025-12-07 03:59:55
1292,367,4,1,,5,2025-12-07 03:59:55,2025-12-07 03:59:55
1293,368,1,1,,10,2025-12-07 03:59:55,2025-12-07 03:59:55
1294,368,2,1,,12,2025-12-07 03:59:55,2025-12-07 03:59:55
1295,368,3,2,1,,2025-12-07 03:59:55,2025-12-07 03:59:55
1296,368,4,1,,6,2025-12-07 03:59:55,2025-12-07 03:59:55
1297,369,1,1,,7,2025-12-07 03:59:55,2025-12-07 03:59:55
1298,369,2,1,,5,2025-12-07 03:59:55,2025-12-07 03:59:55
1299,369,3,1,,11,2025-12-07 03:59:55,2025-12-07 03:59:55
1300,369,4,2,,AV. TUPAC KATARI,2025-12-07 03:59:55,2025-12-07 03:59:55
1301,370,1,1,,8,2025-12-07 03:59:55,2025-12-07 03:59:55
1302,370,2,1,,6,2025-12-07 03:59:55,2025-12-07 03:59:55
1303,370,3,1,,10,2025-12-07 03:59:55,2025-12-07 03:59:55
1304,370,4,2,,AV. TUPAC KATARI,2025-12-07 03:59:55,2025-12-07 03:59:55
1305,371,1,1,,4,2025-12-07 03:59:55,2025-12-07 03:59:55
1306,371,2,1,,2,2025-12-07 03:59:55,2025-12-07 03:59:55
1307,371,3,1,,14,2025-12-07 03:59:55,2025-12-07 03:59:55
1308,371,4,2,16,,2025-12-07 03:59:55,2025-12-07 03:59:55
1309,372,1,1,,3,2025-12-07 03:59:55,2025-12-07 03:59:55
1310,372,2,1,,1,2025-12-07 03:59:55,2025-12-07 03:59:55
1311,372,3,1,,15,2025-12-07 03:59:55,2025-12-07 03:59:55
1312,372,4,2,,AV. TUPAC KATARI,2025-12-07 03:59:55,2025-12-07 03:59:55
1313,373,1,1,,5,2025-12-07 03:59:55,2025-12-07 03:59:55
1314,373,2,1,,3,2025-12-07 03:59:55,2025-12-07 03:59:55
1315,373,3,1,,9,2025-12-07 03:59:55,2025-12-07 03:59:55
1316,373,4,2,1,,2025-12-07 03:59:55,2025-12-07 03:59:55
1317,374,1,1,,6,2025-12-07 03:59:55,2025-12-07 03:59:55
1318,374,2,1,,4,2025-12-07 03:59:55,2025-12-07 03:59:55
1319,374,3,1,,8,2025-12-07 03:59:55,2025-12-07 03:59:55
1320,374,4,2,1,,2025-12-07 03:59:55,2025-12-07 03:59:55
1321,375,1,2,12,,2025-12-07 03:59:55,2025-12-07 03:59:55
1322,375,2,1,,5,2025-12-07 03:59:55,2025-12-07 03:59:55
1323,375,3,1,,7,2025-12-07 03:59:55,2025-12-07 03:59:55
1324,375,4,2,1,,2025-12-07 03:59:55,2025-12-07 03:59:55
1325,376,1,1,,7,2025-12-07 03:59:55,2025-12-07 03:59:55
1326,376,2,1,,9,2025-12-07 03:59:55,2025-12-07 03:59:55
1327,376,3,2,10,,2025-12-07 03:59:55,2025-12-07 03:59:55
1328,376,4,1,,5,2025-12-07 03:59:55,2025-12-07 03:59:55
1329,377,1,2,12,,2025-12-07 03:59:55,2025-12-07 03:59:55
1330,377,2,1,,8,2025-12-07 03:59:55,2025-12-07 03:59:55
1331,377,3,2,10,,2025-12-07 03:59:55,2025-12-07 03:59:55
1332,377,4,1,,6,2025-12-07 03:59:55,2025-12-07 03:59:55
1333,378,1,1,,12,2025-12-07 03:59:55,2025-12-07 03:59:55
1334,378,2,2,20,,2025-12-07 03:59:55,2025-12-07 03:59:55
1335,378,3,2,1,,2025-12-07 03:59:55,2025-12-07 03:59:55
1336,378,4,1,,14,2025-12-07 03:59:55,2025-12-07 03:59:55
1337,379,1,1,,12,2025-12-07 03:59:55,2025-12-07 03:59:55
1338,379,2,2,20,,2025-12-07 03:59:55,2025-12-07 03:59:55
1339,379,3,1,,13,2025-12-07 03:59:55,2025-12-07 03:59:55
1340,379,4,1,,15,2025-12-07 03:59:55,2025-12-07 03:59:55
1341,380,1,1,,3,2025-12-07 03:59:55,2025-12-07 03:59:55
1342,380,2,1,,1,2025-12-07 03:59:55,2025-12-07 03:59:55
1343,380,3,1,,12,2025-12-07 03:59:55,2025-12-07 03:59:55
1344,380,4,2,16,,2025-12-07 03:59:55,2025-12-07 03:59:55
1345,381,1,1,,10,2025-12-07 03:59:55,2025-12-07 03:59:55
1346,381,2,1,,12,2025-12-07 03:59:55,2025-12-07 03:59:55
1347,381,3,2,1,,2025-12-07 03:59:55,2025-12-07 03:59:55
1348,381,4,1,,3,2025-12-07 03:59:55,2025-12-07 03:59:55
1349,382,1,1,,4,2025-12-07 03:59:55,2025-12-07 03:59:55
1350,382,2,1,,3,2025-12-07 03:59:55,2025-12-07 03:59:55
1351,382,3,1,,11,2025-12-07 03:59:55,2025-12-07 03:59:55
1352,382,4,2,,AV. TUPAC KATARI,2025-12-07 03:59:55,2025-12-07 03:59:55
1353,383,1,1,,5,2025-12-07 03:59:55,2025-12-07 03:59:55
1354,383,2,1,,3,2025-12-07 03:59:55,2025-12-07 03:59:55
1355,383,3,1,,9,2025-12-07 03:59:55,2025-12-07 03:59:55
1356,383,3,6,,10,2025-12-07 03:59:55,2025-12-07 03:59:55
1357,383,4,2,16,,2025-12-07 03:59:55,2025-12-07 03:59:55
1358,384,1,1,,9,2025-12-07 03:59:55,2025-12-07 03:59:55
1359,384,2,1,,11,2025-12-07 03:59:55,2025-12-07 03:59:55
1360,384,3,2,1,,2025-12-07 03:59:55,2025-12-07 03:59:55
1361,384,4,1,,4,2025-12-07 03:59:55,2025-12-07 03:59:55
1362,385,1,1,,8,2025-12-07 03:59:55,2025-12-07 03:59:55
1363,385,2,1,,10,2025-12-07 03:59:55,2025-12-07 03:59:55
1364,385,3,2,1,,2025-12-07 03:59:55,2025-12-07 03:59:55
1365,385,4,1,,4,2025-12-07 03:59:55,2025-12-07 03:59:55
1366,386,1,1,,7,2025-12-07 03:59:55,2025-12-07 03:59:55
1367,386,2,1,,9,2025-12-07 03:59:55,2025-12-07 03:59:55
1368,386,3,2,1,,2025-12-07 03:59:55,2025-12-07 03:59:55
1369,386,4,1,,5,2025-12-07 03:59:55,2025-12-07 03:59:55
1370,387,1,1,,6,2025-12-07 03:59:55,2025-12-07 03:59:55
1371,387,2,1,,4,2025-12-07 03:59:55,2025-12-07 03:59:55
1372,387,3,1,,8,2025-12-07 03:59:55,2025-12-07 03:59:55
1373,387,4,2,,AV. TUPAC KATARI,2025-12-07 03:59:55,2025-12-07 03:59:55
1374,388,1,1,,16,2025-12-07 03:59:55,2025-12-07 03:59:55
1375,388,2,1,,18,2025-12-07 03:59:55,2025-12-07 03:59:55
1376,388,3,2,10,,2025-12-07 03:59:55,2025-12-07 03:59:55
1377,388,4,1,,7,2025-12-07 03:59:55,2025-12-07 03:59:55
1378,389,1,1,,15,2025-12-07 03:59:55,2025-12-07 03:59:55
1379,389,2,1,,17,2025-12-07 03:59:55,2025-12-07 03:59:55
1380,389,3,2,10,,2025-12-07 03:59:55,2025-12-07 03:59:55
1381,389,4,1,,8,2025-12-07 03:59:55,2025-12-07 03:59:55
1382,390,1,1,,13,2025-12-07 03:59:55,2025-12-07 03:59:55
1383,390,1,6,,14,2025-12-07 03:59:55,2025-12-07 03:59:55
1384,390,2,1,,16,2025-12-07 03:59:55,2025-12-07 03:59:55
1385,390,3,2,10,,2025-12-07 03:59:55,2025-12-07 03:59:55
1386,390,4,1,,9,2025-12-07 03:59:55,2025-12-07 03:59:55
1387,391,1,2,20,,2025-12-07 03:59:55,2025-12-07 03:59:55
1388,391,2,1,,15,2025-12-07 03:59:55,2025-12-07 03:59:55
1389,391,3,2,10,,2025-12-07 03:59:55,2025-12-07 03:59:55
1390,391,4,1,,13,2025-12-07 03:59:55,2025-12-07 03:59:55
1391,392,1,2,20,,2025-12-07 03:59:55,2025-12-07 03:59:55
1392,392,2,1,,15,2025-12-07 03:59:55,2025-12-07 03:59:55
1393,392,3,1,,14,2025-12-07 03:59:55,2025-12-07 03:59:55
1394,392,4,1,,12,2025-12-07 03:59:55,2025-12-07 03:59:55
1395,393,1,2,20,,2025-12-07 03:59:55,2025-12-07 03:59:55
1396,393,2,1,,9,2025-12-07 03:59:55,2025-12-07 03:59:55
1397,393,2,6,,15,2025-12-07 03:59:55,2025-12-07 03:59:55
1398,393,3,1,,13,2025-12-07 03:59:55,2025-12-07 03:59:55
1399,393,4,1,,11,2025-12-07 03:59:55,2025-12-07 03:59:55
1400,399,1,1,,21,2025-12-07 03:59:55,2025-12-07 03:59:55
1401,399,2,1,,23,2025-12-07 03:59:55,2025-12-07 03:59:55
1402,399,3,2,10,,2025-12-07 03:59:55,2025-12-07 03:59:55
1403,399,4,1,,3,2025-12-07 03:59:55,2025-12-07 03:59:55
1404,394,1,1,,5,2025-12-07 03:59:56,2025-12-07 03:59:56
1405,394,2,1,,3,2025-12-07 03:59:56,2025-12-07 03:59:56
1406,394,3,1,,21,2025-12-07 03:59:56,2025-12-07 03:59:56
1407,394,4,2,1,,2025-12-07 03:59:56,2025-12-07 03:59:56
1408,37,1,1,,7,2025-12-07 03:59:56,2025-12-07 03:59:56
1409,37,2,1,,5,2025-12-07 03:59:56,2025-12-07 03:59:56
1410,37,3,1,,14,2025-12-07 03:59:56,2025-12-07 03:59:56
1411,37,4,2,13,,2025-12-07 03:59:56,2025-12-07 03:59:56
1412,397,1,1,,23,2025-12-07 03:59:56,2025-12-07 03:59:56
1413,397,2,2,9,,2025-12-07 03:59:56,2025-12-07 03:59:56
1414,397,3,2,10,,2025-12-07 03:59:56,2025-12-07 03:59:56
1415,397,4,1,,1,2025-12-07 03:59:56,2025-12-07 03:59:56
1416,398,1,1,,22,2025-12-07 03:59:56,2025-12-07 03:59:56
1417,398,2,1,,24,2025-12-07 03:59:56,2025-12-07 03:59:56
1418,398,3,2,10,,2025-12-07 03:59:56,2025-12-07 03:59:56
1419,398,4,1,,2,2025-12-07 03:59:56,2025-12-07 03:59:56
1420,16,1,1,,9,2025-12-07 03:59:56,2025-12-07 03:59:56
1421,16,1,6,,10,2025-12-07 03:59:56,2025-12-07 03:59:56
1422,16,2,1,,7,2025-12-07 03:59:56,2025-12-07 03:59:56
1423,16,3,1,,12,2025-12-07 03:59:56,2025-12-07 03:59:56
1424,16,4,2,13,,2025-12-07 03:59:56,2025-12-07 03:59:56
1425,400,1,1,,4,2025-12-07 03:59:56,2025-12-07 03:59:56
1426,400,2,1,,2,2025-12-07 03:59:56,2025-12-07 03:59:56
1427,400,3,1,,22,2025-12-07 03:59:56,2025-12-07 03:59:56
1428,400,4,2,1,,2025-12-07 03:59:56,2025-12-07 03:59:56
1429,401,1,1,,3,2025-12-07 03:59:56,2025-12-07 03:59:56
1430,401,2,1,,1,2025-12-07 03:59:56,2025-12-07 03:59:56
1431,401,3,1,,23,2025-12-07 03:59:56,2025-12-07 03:59:56
1432,401,4,2,1,,2025-12-07 03:59:56,2025-12-07 03:59:56
1433,402,1,1,,2,2025-12-07 03:59:56,2025-12-07 03:59:56
1434,402,2,2,9,,2025-12-07 03:59:56,2025-12-07 03:59:56
1435,402,3,1,,24,2025-12-07 03:59:56,2025-12-07 03:59:56
1436,402,4,2,1,,2025-12-07 03:59:56,2025-12-07 03:59:56
1437,403,1,1,,16,2025-12-07 03:59:56,2025-12-07 03:59:56
1438,403,2,1,,18,2025-12-07 03:59:56,2025-12-07 03:59:56
1439,403,3,2,1,,2025-12-07 03:59:56,2025-12-07 03:59:56
1440,403,4,1,,5,2025-12-07 03:59:56,2025-12-07 03:59:56
1441,404,1,1,,19,2025-12-07 03:59:56,2025-12-07 03:59:56
1442,404,2,1,,21,2025-12-07 03:59:56,2025-12-07 03:59:56
1443,404,2,6,,22,2025-12-07 03:59:56,2025-12-07 03:59:56
1444,404,3,2,1,,2025-12-07 03:59:56,2025-12-07 03:59:56
1445,404,4,1,,2,2025-12-07 03:59:56,2025-12-07 03:59:56
1446,405,1,1,,17,2025-12-07 03:59:56,2025-12-07 03:59:56
1447,405,2,2,19,,2025-12-07 03:59:56,2025-12-07 03:59:56
1448,405,3,2,,CALLE S/N.,2025-12-07 03:59:56,2025-12-07 03:59:56
1449,405,4,1,,1,2025-12-07 03:59:56,2025-12-07 03:59:56
1450,406,1,1,,18,2025-12-07 03:59:56,2025-12-07 03:59:56
1451,406,2,1,,20,2025-12-07 03:59:56,2025-12-07 03:59:56
1452,406,3,2,1,,2025-12-07 03:59:56,2025-12-07 03:59:56
1453,406,4,1,,3,2025-12-07 03:59:56,2025-12-07 03:59:56
1454,187,1,1,,2,2025-12-07 03:59:56,2025-12-07 03:59:56
1455,187,2,2,2,,2025-12-07 03:59:56,2025-12-07 03:59:56
1456,187,3,1,,20,2025-12-07 03:59:56,2025-12-07 03:59:56
1457,187,4,2,10,,2025-12-07 03:59:56,2025-12-07 03:59:56
1458,408,1,1,,20,2025-12-07 03:59:56,2025-12-07 03:59:56
1459,408,2,2,9,,2025-12-07 03:59:56,2025-12-07 03:59:56
1460,408,3,1,,21,2025-12-07 03:59:56,2025-12-07 03:59:56
1461,408,4,1,,1,2025-12-07 03:59:56,2025-12-07 03:59:56
1462,409,1,1,,22,2025-12-07 03:59:56,2025-12-07 03:59:56
1463,409,2,2,9,,2025-12-07 03:59:56,2025-12-07 03:59:56
1464,409,3,2,1,,2025-12-07 03:59:56,2025-12-07 03:59:56
1465,409,4,1,,22,2025-12-07 03:59:56,2025-12-07 03:59:56
1466,410,1,1,,17,2025-12-07 03:59:56,2025-12-07 03:59:56
1467,410,2,1,,19,2025-12-07 03:59:56,2025-12-07 03:59:56
1468,410,3,2,10,,2025-12-07 03:59:56,2025-12-07 03:59:56
1469,410,4,1,,6,2025-12-07 03:59:56,2025-12-07 03:59:56
1470,411,1,1,,16,2025-12-07 03:59:56,2025-12-07 03:59:56
1471,411,2,1,,18,2025-12-07 03:59:56,2025-12-07 03:59:56
1472,411,3,2,10,,2025-12-07 03:59:56,2025-12-07 03:59:56
1473,411,4,1,,7,2025-12-07 03:59:56,2025-12-07 03:59:56
1474,412,1,1,,8,2025-12-07 03:59:56,2025-12-07 03:59:56
1475,412,2,1,,6,2025-12-07 03:59:56,2025-12-07 03:59:56
1476,412,3,1,,17,2025-12-07 03:59:56,2025-12-07 03:59:56
1477,412,4,2,1,,2025-12-07 03:59:56,2025-12-07 03:59:56
1478,413,1,1,,9,2025-12-07 03:59:56,2025-12-07 03:59:56
1479,413,2,1,,7,2025-12-07 03:59:56,2025-12-07 03:59:56
1480,413,3,1,,16,2025-12-07 03:59:56,2025-12-07 03:59:56
1481,413,4,2,1,,2025-12-07 03:59:56,2025-12-07 03:59:56
1482,128,1,1,,10,2025-12-07 03:59:56,2025-12-07 03:59:56
1483,128,2,1,,12,2025-12-07 03:59:56,2025-12-07 03:59:56
1484,128,3,2,8,,2025-12-07 03:59:56,2025-12-07 03:59:56
1485,128,4,1,,2,2025-12-07 03:59:56,2025-12-07 03:59:56
1486,414,1,1,,15,2025-12-07 03:59:56,2025-12-07 03:59:56
1487,414,2,1,,17,2025-12-07 03:59:56,2025-12-07 03:59:56
1488,414,3,2,10,,2025-12-07 03:59:56,2025-12-07 03:59:56
1489,414,4,1,,8,2025-12-07 03:59:56,2025-12-07 03:59:56
1490,415,1,1,,14,2025-12-07 03:59:56,2025-12-07 03:59:56
1491,415,2,1,,16,2025-12-07 03:59:56,2025-12-07 03:59:56
1492,415,3,2,10,,2025-12-07 03:59:56,2025-12-07 03:59:56
1493,415,4,1,,9,2025-12-07 03:59:56,2025-12-07 03:59:56
1494,416,1,1,,10,2025-12-07 03:59:56,2025-12-07 03:59:56
1495,416,2,1,,8,2025-12-07 03:59:56,2025-12-07 03:59:56
1496,416,3,1,,15,2025-12-07 03:59:56,2025-12-07 03:59:56
1497,416,4,2,1,,2025-12-07 03:59:56,2025-12-07 03:59:56
1498,417,1,1,,11,2025-12-07 03:59:56,2025-12-07 03:59:56
1499,417,2,1,,9,2025-12-07 03:59:56,2025-12-07 03:59:56
1500,417,3,1,,14,2025-12-07 03:59:56,2025-12-07 03:59:56
1501,417,4,2,1,,2025-12-07 03:59:56,2025-12-07 03:59:56
1502,418,1,2,9,,2025-12-07 03:59:56,2025-12-07 03:59:56
1503,418,2,1,,10,2025-12-07 03:59:56,2025-12-07 03:59:56
1504,418,2,6,,14,2025-12-07 03:59:56,2025-12-07 03:59:56
1505,418,3,1,,13,2025-12-07 03:59:56,2025-12-07 03:59:56
1506,418,4,1,,11,2025-12-07 03:59:56,2025-12-07 03:59:56
1507,419,1,2,9,,2025-12-07 03:59:56,2025-12-07 03:59:56
1508,419,2,1,,10,2025-12-07 03:59:56,2025-12-07 03:59:56
1509,419,3,1,,12,2025-12-07 03:59:56,2025-12-07 03:59:56
1510,419,4,2,1,,2025-12-07 03:59:56,2025-12-07 03:59:56
1511,420,1,1,,20,2025-12-07 03:59:56,2025-12-07 03:59:56
1512,420,2,1,,22,2025-12-07 03:59:56,2025-12-07 03:59:56
1513,420,2,6,,23,2025-12-07 03:59:56,2025-12-07 03:59:56
1514,420,3,2,10,,2025-12-07 03:59:56,2025-12-07 03:59:56
1515,420,4,1,,2,2025-12-07 03:59:56,2025-12-07 03:59:56
1516,421,1,1,,3,2025-12-07 03:59:56,2025-12-07 03:59:56
1517,421,2,1,,1,2025-12-07 03:59:56,2025-12-07 03:59:56
1518,421,3,1,,21,2025-12-07 03:59:56,2025-12-07 03:59:56
1519,421,4,2,1,,2025-12-07 03:59:56,2025-12-07 03:59:56
1520,423,1,1,,4,2025-12-07 03:59:56,2025-12-07 03:59:56
1521,423,2,1,,2,2025-12-07 03:59:56,2025-12-07 03:59:56
1522,423,3,1,,20,2025-12-07 03:59:56,2025-12-07 03:59:56
1523,423,4,2,1,,2025-12-07 03:59:56,2025-12-07 03:59:56
1524,424,1,1,,19,2025-12-07 03:59:56,2025-12-07 03:59:56
1525,424,2,1,,21,2025-12-07 03:59:56,2025-12-07 03:59:56
1526,424,3,2,10,,2025-12-07 03:59:56,2025-12-07 03:59:56
1527,424,4,1,,3,2025-12-07 03:59:56,2025-12-07 03:59:56
1528,424,4,6,,4,2025-12-07 03:59:56,2025-12-07 03:59:56
1529,425,1,1,,18,2025-12-07 03:59:56,2025-12-07 03:59:56
1530,425,2,1,,20,2025-12-07 03:59:56,2025-12-07 03:59:56
1531,425,3,2,10,,2025-12-07 03:59:56,2025-12-07 03:59:56
1532,425,4,1,,5,2025-12-07 03:59:56,2025-12-07 03:59:56
1533,426,1,1,,6,2025-12-07 03:59:56,2025-12-07 03:59:56
1534,426,2,1,,4,2025-12-07 03:59:56,2025-12-07 03:59:56
1535,426,3,1,,19,2025-12-07 03:59:56,2025-12-07 03:59:56
1536,426,4,2,1,,2025-12-07 03:59:56,2025-12-07 03:59:56
1537,427,1,1,,7,2025-12-07 03:59:56,2025-12-07 03:59:56
1538,427,2,1,,5,2025-12-07 03:59:56,2025-12-07 03:59:56
1539,427,3,1,,18,2025-12-07 03:59:56,2025-12-07 03:59:56
1540,427,4,2,1,,2025-12-07 03:59:56,2025-12-07 03:59:56
1541,428,1,1,,6,2025-12-07 03:59:56,2025-12-07 03:59:56
1542,428,2,1,,4,2025-12-07 03:59:56,2025-12-07 03:59:56
1543,428,3,1,,19,2025-12-07 03:59:56,2025-12-07 03:59:56
1544,428,4,2,,AV. TUPAC KATARI,2025-12-07 03:59:56,2025-12-07 03:59:56
1545,429,1,1,,7,2025-12-07 03:59:56,2025-12-07 03:59:56
1546,429,2,1,,5,2025-12-07 03:59:56,2025-12-07 03:59:56
1547,429,3,1,,19,2025-12-07 03:59:56,2025-12-07 03:59:56
1548,429,4,2,,AV. TUPAC KATARI,2025-12-07 03:59:56,2025-12-07 03:59:56
1549,431,1,1,,9,2025-12-07 03:59:56,2025-12-07 03:59:56
1550,431,2,1,,7,2025-12-07 03:59:56,2025-12-07 03:59:56
1551,431,3,1,,16,2025-12-07 03:59:56,2025-12-07 03:59:56
1552,431,3,6,,17,2025-12-07 03:59:56,2025-12-07 03:59:56
1553,431,4,2,,AV. TUPAC KATARI,2025-12-07 03:59:56,2025-12-07 03:59:56
1554,432,1,1,,4,2025-12-07 03:59:56,2025-12-07 03:59:56
1555,432,2,1,,2,2025-12-07 03:59:56,2025-12-07 03:59:56
1556,432,3,1,,22,2025-12-07 03:59:56,2025-12-07 03:59:56
1557,432,4,2,,AV. TUPAC KATARI,2025-12-07 03:59:56,2025-12-07 03:59:56
1558,433,1,1,,5,2025-12-07 03:59:56,2025-12-07 03:59:56
1559,433,2,1,,3,2025-12-07 03:59:56,2025-12-07 03:59:56
1560,433,3,1,,20,2025-12-07 03:59:56,2025-12-07 03:59:56
1561,433,3,6,,21,2025-12-07 03:59:56,2025-12-07 03:59:56
1562,433,4,2,,AV. TUPAC KATARI,2025-12-07 03:59:56,2025-12-07 03:59:56
1563,434,1,1,,7,2025-12-07 03:59:56,2025-12-07 03:59:56
1564,434,2,1,,9,2025-12-07 03:59:56,2025-12-07 03:59:56
1565,434,3,2,5,,2025-12-07 03:59:56,2025-12-07 03:59:56
1566,434,4,1,,3,2025-12-07 03:59:56,2025-12-07 03:59:56
1567,436,1,1,,2,2025-12-07 03:59:56,2025-12-07 03:59:56
1568,436,2,2,2,,2025-12-07 03:59:56,2025-12-07 03:59:56
1569,436,2,2,3,,2025-12-07 03:59:56,2025-12-07 03:59:56
1570,436,3,1,,23,2025-12-07 03:59:56,2025-12-07 03:59:56
1571,436,4,2,,AV. PANAMERICANA,2025-12-07 03:59:56,2025-12-07 03:59:56
1572,437,1,1,,22,2025-12-07 03:59:56,2025-12-07 03:59:56
1573,437,2,2,2,,2025-12-07 03:59:56,2025-12-07 03:59:56
1574,437,3,2,5,,2025-12-07 03:59:56,2025-12-07 03:59:56
1575,437,4,1,,1,2025-12-07 03:59:56,2025-12-07 03:59:56
1576,438,1,1,,3,2025-12-07 03:59:56,2025-12-07 03:59:56
1577,438,2,1,,1,2025-12-07 03:59:56,2025-12-07 03:59:56
1578,438,3,1,,18,2025-12-07 03:59:56,2025-12-07 03:59:56
1579,438,4,2,3,,2025-12-07 03:59:56,2025-12-07 03:59:56
1580,439,1,1,,2,2025-12-07 03:59:56,2025-12-07 03:59:56
1581,439,2,2,12,,2025-12-07 03:59:56,2025-12-07 03:59:56
1582,439,2,2,3,,2025-12-07 03:59:56,2025-12-07 03:59:56
1583,439,3,1,,20,2025-12-07 03:59:56,2025-12-07 03:59:56
1584,439,3,6,,21,2025-12-07 03:59:56,2025-12-07 03:59:56
1585,439,4,2,,AV. PANAMERICANA,2025-12-07 03:59:56,2025-12-07 03:59:56
1586,440,1,1,,18,2025-12-07 03:59:56,2025-12-07 03:59:56
1587,440,2,2,12,,2025-12-07 03:59:56,2025-12-07 03:59:56
1588,440,3,1,,19,2025-12-07 03:59:56,2025-12-07 03:59:56
1589,440,4,1,,1,2025-12-07 03:59:56,2025-12-07 03:59:56
1590,442,1,1,,5,2025-12-07 03:59:56,2025-12-07 03:59:56
1591,442,2,1,,3,2025-12-07 03:59:56,2025-12-07 03:59:56
1592,442,3,1,,16,2025-12-07 03:59:56,2025-12-07 03:59:56
1593,442,4,2,,AV. PANAMERICANA,2025-12-07 03:59:56,2025-12-07 03:59:56
1594,444,1,1,,7,2025-12-07 03:59:56,2025-12-07 03:59:56
1595,444,2,1,,5,2025-12-07 03:59:56,2025-12-07 03:59:56
1596,444,3,1,,14,2025-12-07 03:59:56,2025-12-07 03:59:56
1597,444,4,2,,AV. PANAMERICANA,2025-12-07 03:59:56,2025-12-07 03:59:56
1598,445,1,1,,8,2025-12-07 03:59:56,2025-12-07 03:59:56
1599,445,2,1,,6,2025-12-07 03:59:56,2025-12-07 03:59:56
1600,445,3,1,,13,2025-12-07 03:59:56,2025-12-07 03:59:56
1601,445,4,2,,AV. PANAMERICANA,2025-12-07 03:59:56,2025-12-07 03:59:56
1602,446,1,1,,14,2025-12-07 03:59:56,2025-12-07 03:59:56
1603,446,2,1,,12,2025-12-07 03:59:56,2025-12-07 03:59:56
1604,446,3,1,,25,2025-12-07 03:59:56,2025-12-07 03:59:56
1605,446,4,2,3,,2025-12-07 03:59:56,2025-12-07 03:59:56
1606,447,1,1,,15,2025-12-07 03:59:56,2025-12-07 03:59:56
1607,447,2,1,,13,2025-12-07 03:59:56,2025-12-07 03:59:56
1608,447,3,1,,24,2025-12-07 03:59:56,2025-12-07 03:59:56
1609,447,4,2,,AV. PANAMERICANA,2025-12-07 03:59:56,2025-12-07 03:59:56
1610,448,1,1,,16,2025-12-07 03:59:56,2025-12-07 03:59:56
1611,448,2,1,,14,2025-12-07 03:59:56,2025-12-07 03:59:56
1612,448,3,1,,23,2025-12-07 03:59:56,2025-12-07 03:59:56
1613,448,4,2,,AV. PANAMERICANA,2025-12-07 03:59:56,2025-12-07 03:59:56
1614,449,1,1,,17,2025-12-07 03:59:56,2025-12-07 03:59:56
1615,449,1,6,,20,2025-12-07 03:59:56,2025-12-07 03:59:56
1616,449,2,1,,15,2025-12-07 03:59:56,2025-12-07 03:59:56
1617,449,3,1,,23,2025-12-07 03:59:56,2025-12-07 03:59:56
1618,449,4,2,3,,2025-12-07 03:59:56,2025-12-07 03:59:56
1619,450,1,1,,18,2025-12-07 03:59:56,2025-12-07 03:59:56
1620,450,2,1,,16,2025-12-07 03:59:56,2025-12-07 03:59:56
1621,450,3,1,,16,2025-12-07 03:59:56,2025-12-07 03:59:56
1622,450,3,6,,20,2025-12-07 03:59:56,2025-12-07 03:59:56
1623,450,4,2,,AV. PANAMERICANA,2025-12-07 03:59:56,2025-12-07 03:59:56
1624,451,1,2,20,,2025-12-07 03:59:56,2025-12-07 03:59:56
1625,451,2,1,,23,2025-12-07 03:59:56,2025-12-07 03:59:56
1626,451,3,1,,22,2025-12-07 03:59:56,2025-12-07 03:59:56
1627,451,4,1,,20,2025-12-07 03:59:56,2025-12-07 03:59:56
1628,452,1,2,20,,2025-12-07 03:59:56,2025-12-07 03:59:56
1629,452,2,1,,16,2025-12-07 03:59:56,2025-12-07 03:59:56
1630,452,3,1,,21,2025-12-07 03:59:56,2025-12-07 03:59:56
1631,452,4,1,,18,2025-12-07 03:59:56,2025-12-07 03:59:56
1632,453,1,1,,19,2025-12-07 03:59:56,2025-12-07 03:59:56
1633,453,1,2,20,,2025-12-07 03:59:56,2025-12-07 03:59:56
1634,453,2,1,,17,2025-12-07 03:59:56,2025-12-07 03:59:56
1635,453,3,1,,20,2025-12-07 03:59:56,2025-12-07 03:59:56
1636,453,4,2,,AV. PANAMERICANA,2025-12-07 03:59:56,2025-12-07 03:59:56
1637,453,4,2,20,,2025-12-07 03:59:56,2025-12-07 03:59:56
1638,454,1,1,,11,2025-12-07 03:59:56,2025-12-07 03:59:56
1639,454,2,1,,9,2025-12-07 03:59:56,2025-12-07 03:59:56
1640,454,3,1,,28,2025-12-07 03:59:56,2025-12-07 03:59:56
1641,454,4,2,3,,2025-12-07 03:59:56,2025-12-07 03:59:56
1642,455,1,1,,12,2025-12-07 03:59:56,2025-12-07 03:59:56
1643,455,2,1,,10,2025-12-07 03:59:56,2025-12-07 03:59:56
1644,455,3,1,,27,2025-12-07 03:59:56,2025-12-07 03:59:56
1645,455,4,2,,AV. PANAMERICANA,2025-12-07 03:59:56,2025-12-07 03:59:56
1646,456,1,1,,13,2025-12-07 03:59:56,2025-12-07 03:59:56
1647,456,2,1,,11,2025-12-07 03:59:56,2025-12-07 03:59:56
1648,456,3,1,,26,2025-12-07 03:59:56,2025-12-07 03:59:56
1649,456,4,2,,AV. PANAMERICANA,2025-12-07 03:59:56,2025-12-07 03:59:56
1650,457,1,1,,9,2025-12-07 03:59:56,2025-12-07 03:59:56
1651,457,2,1,,7,2025-12-07 03:59:56,2025-12-07 03:59:56
1652,457,3,1,,30,2025-12-07 03:59:56,2025-12-07 03:59:56
1653,457,4,2,3,,2025-12-07 03:59:56,2025-12-07 03:59:56
1654,458,1,1,,10,2025-12-07 03:59:56,2025-12-07 03:59:56
1655,458,2,1,,8,2025-12-07 03:59:56,2025-12-07 03:59:56
1656,458,3,1,,29,2025-12-07 03:59:56,2025-12-07 03:59:56
1657,458,4,2,,AV. PANAMERICANA,2025-12-07 03:59:56,2025-12-07 03:59:56
1658,460,1,1,,32,2025-12-07 03:59:56,2025-12-07 03:59:56
1659,460,2,2,9,,2025-12-07 03:59:56,2025-12-07 03:59:56
1660,460,3,1,,33,2025-12-07 03:59:56,2025-12-07 03:59:56
1661,460,4,1,,1,2025-12-07 03:59:56,2025-12-07 03:59:56
1662,460,4,6,,2,2025-12-07 03:59:56,2025-12-07 03:59:56
1663,461,1,1,,13,2025-12-07 03:59:56,2025-12-07 03:59:56
1664,461,2,1,,15,2025-12-07 03:59:56,2025-12-07 03:59:56
1665,461,3,2,3,,2025-12-07 03:59:56,2025-12-07 03:59:56
1666,461,4,1,,9,2025-12-07 03:59:56,2025-12-07 03:59:56
1667,461,4,6,,10,2025-12-07 03:59:56,2025-12-07 03:59:56
1668,462,1,1,,20,2025-12-07 03:59:56,2025-12-07 03:59:56
1669,462,1,2,3,,2025-12-07 03:59:56,2025-12-07 03:59:56
1670,462,2,1,,4,2025-12-07 03:59:56,2025-12-07 03:59:56
1671,462,2,6,,22,2025-12-07 03:59:56,2025-12-07 03:59:56
1672,462,3,2,3,,2025-12-07 03:59:56,2025-12-07 03:59:56
1673,462,4,1,,4,2025-12-07 03:59:56,2025-12-07 03:59:56
1674,463,1,1,,19,2025-12-07 03:59:56,2025-12-07 03:59:56
1675,463,1,2,3,,2025-12-07 03:59:56,2025-12-07 03:59:56
1676,463,2,1,,4,2025-12-07 03:59:56,2025-12-07 03:59:56
1677,463,2,6,,21,2025-12-07 03:59:56,2025-12-07 03:59:56
1678,463,3,2,3,,2025-12-07 03:59:56,2025-12-07 03:59:56
1679,463,4,1,,4,2025-12-07 03:59:56,2025-12-07 03:59:56
1680,464,1,1,,9,2025-12-07 03:59:56,2025-12-07 03:59:56
1681,464,2,1,,7,2025-12-07 03:59:56,2025-12-07 03:59:56
1682,464,3,1,,16,2025-12-07 03:59:56,2025-12-07 03:59:56
1683,464,3,6,,17,2025-12-07 03:59:56,2025-12-07 03:59:56
1684,464,4,2,10,,2025-12-07 03:59:56,2025-12-07 03:59:56
1685,465,1,1,,10,2025-12-07 03:59:56,2025-12-07 03:59:56
1686,465,2,1,,8,2025-12-07 03:59:56,2025-12-07 03:59:56
1687,465,3,1,,16,2025-12-07 03:59:56,2025-12-07 03:59:56
1688,465,4,2,10,,2025-12-07 03:59:56,2025-12-07 03:59:56
1689,466,1,1,,11,2025-12-07 03:59:56,2025-12-07 03:59:56
1690,466,1,6,,12,2025-12-07 03:59:56,2025-12-07 03:59:56
1691,466,2,1,,9,2025-12-07 03:59:56,2025-12-07 03:59:56
1692,466,3,1,,15,2025-12-07 03:59:56,2025-12-07 03:59:56
1693,466,4,2,10,,2025-12-07 03:59:56,2025-12-07 03:59:56
1694,467,1,1,,6,2025-12-07 03:59:56,2025-12-07 03:59:56
1695,467,1,6,,7,2025-12-07 03:59:56,2025-12-07 03:59:56
1696,467,2,1,,4,2025-12-07 03:59:56,2025-12-07 03:59:56
1697,467,3,1,,9,2025-12-07 03:59:56,2025-12-07 03:59:56
1698,467,4,2,22,,2025-12-07 03:59:56,2025-12-07 03:59:56
1699,468,1,1,,14,2025-12-07 03:59:56,2025-12-07 03:59:56
1700,468,1,2,,AV. PANAMERICANA,2025-12-07 03:59:56,2025-12-07 03:59:56
1701,468,2,1,,16,2025-12-07 03:59:56,2025-12-07 03:59:56
1702,468,3,2,3,,2025-12-07 03:59:56,2025-12-07 03:59:56
1703,468,4,1,,10,2025-12-07 03:59:56,2025-12-07 03:59:56
1704,469,1,1,,13,2025-12-07 03:59:56,2025-12-07 03:59:56
1705,469,1,2,,AV. PANAMERICANA,2025-12-07 03:59:56,2025-12-07 03:59:56
1706,469,2,1,,15,2025-12-07 03:59:56,2025-12-07 03:59:56
1707,469,3,2,3,,2025-12-07 03:59:56,2025-12-07 03:59:56
1708,469,4,1,,12,2025-12-07 03:59:56,2025-12-07 03:59:56
1709,470,1,2,20,,2025-12-07 03:59:56,2025-12-07 03:59:56
1710,470,1,2,,AV. PANAMERICANA,2025-12-07 03:59:56,2025-12-07 03:59:56
1711,470,2,1,,12,2025-12-07 03:59:56,2025-12-07 03:59:56
1712,470,3,2,3,,2025-12-07 03:59:56,2025-12-07 03:59:56
1713,470,4,1,,12,2025-12-07 03:59:56,2025-12-07 03:59:56
1714,470,4,2,20,,2025-12-07 03:59:56,2025-12-07 03:59:56
1715,471,1,2,20,,2025-12-07 03:59:56,2025-12-07 03:59:56
1716,471,2,1,,10,2025-12-07 03:59:56,2025-12-07 03:59:56
1717,471,3,1,,13,2025-12-07 03:59:56,2025-12-07 03:59:56
1718,471,3,6,,14,2025-12-07 03:59:56,2025-12-07 03:59:56
1719,471,4,1,,11,2025-12-07 03:59:56,2025-12-07 03:59:56
1720,472,1,2,20,,2025-12-07 03:59:56,2025-12-07 03:59:56
1721,472,2,1,,10,2025-12-07 03:59:56,2025-12-07 03:59:56
1722,472,3,1,,12,2025-12-07 03:59:56,2025-12-07 03:59:56
1723,472,4,2,20,,2025-12-07 03:59:56,2025-12-07 03:59:56
1724,472,4,2,10,,2025-12-07 03:59:56,2025-12-07 03:59:56
1725,473,1,1,,23,2025-12-07 03:59:56,2025-12-07 03:59:56
1726,473,1,2,,AV. PANAMERICANA,2025-12-07 03:59:56,2025-12-07 03:59:56
1727,473,2,2,9,,2025-12-07 03:59:56,2025-12-07 03:59:56
1728,473,3,2,3,,2025-12-07 03:59:56,2025-12-07 03:59:56
1729,473,4,1,,25,2025-12-07 03:59:56,2025-12-07 03:59:56
1730,474,2,2,9,,2025-12-07 03:59:56,2025-12-07 03:59:56
1731,474,3,2,3,,2025-12-07 03:59:56,2025-12-07 03:59:56
1732,474,4,1,,1,2025-12-07 03:59:56,2025-12-07 03:59:56
1733,475,1,1,,2,2025-12-07 03:59:56,2025-12-07 03:59:56
1734,475,2,2,9,,2025-12-07 03:59:56,2025-12-07 03:59:56
1735,475,3,1,,25,2025-12-07 03:59:56,2025-12-07 03:59:56
1736,475,4,2,10,,2025-12-07 03:59:56,2025-12-07 03:59:56
1737,477,1,1,,22,2025-12-07 03:59:56,2025-12-07 03:59:56
1738,477,1,2,3,,2025-12-07 03:59:56,2025-12-07 03:59:56
1739,477,2,1,,25,2025-12-07 03:59:56,2025-12-07 03:59:56
1740,477,3,2,3,,2025-12-07 03:59:56,2025-12-07 03:59:56
1741,477,4,1,,2,2025-12-07 03:59:56,2025-12-07 03:59:56
1742,478,1,1,,21,2025-12-07 03:59:56,2025-12-07 03:59:56
1743,478,1,2,3,,2025-12-07 03:59:56,2025-12-07 03:59:56
1744,478,2,1,,2,2025-12-07 03:59:57,2025-12-07 03:59:57
1745,478,2,6,,23,2025-12-07 03:59:57,2025-12-07 03:59:57
1746,478,3,2,3,,2025-12-07 03:59:57,2025-12-07 03:59:57
1747,478,4,1,,3,2025-12-07 03:59:57,2025-12-07 03:59:57
1748,479,1,1,,4,2025-12-07 03:59:57,2025-12-07 03:59:57
1749,479,2,1,,2,2025-12-07 03:59:57,2025-12-07 03:59:57
1750,479,3,1,,22,2025-12-07 03:59:57,2025-12-07 03:59:57
1751,479,4,2,10,,2025-12-07 03:59:57,2025-12-07 03:59:57
1752,481,1,1,,20,2025-12-07 03:59:57,2025-12-07 03:59:57
1753,481,2,2,12,,2025-12-07 03:59:57,2025-12-07 03:59:57
1754,481,3,1,,21,2025-12-07 03:59:57,2025-12-07 03:59:57
1755,481,4,1,,23,2025-12-07 03:59:57,2025-12-07 03:59:57
1756,482,1,1,,20,2025-12-07 03:59:57,2025-12-07 03:59:57
1757,482,2,2,12,,2025-12-07 03:59:57,2025-12-07 03:59:57
1758,482,3,1,,22,2025-12-07 03:59:57,2025-12-07 03:59:57
1759,482,4,1,,1,2025-12-07 03:59:57,2025-12-07 03:59:57
1760,480,1,1,,20,2025-12-07 03:59:57,2025-12-07 03:59:57
1761,480,1,2,3,,2025-12-07 03:59:57,2025-12-07 03:59:57
1762,480,2,1,,22,2025-12-07 03:59:57,2025-12-07 03:59:57
1763,480,2,2,12,,2025-12-07 03:59:57,2025-12-07 03:59:57
1764,480,3,2,,AV. PANAMERICANA,2025-12-07 03:59:57,2025-12-07 03:59:57
1765,480,4,1,,22,2025-12-07 03:59:57,2025-12-07 03:59:57
1766,483,1,1,,19,2025-12-07 03:59:57,2025-12-07 03:59:57
1767,483,1,2,3,,2025-12-07 03:59:57,2025-12-07 03:59:57
1768,483,2,1,,22,2025-12-07 03:59:57,2025-12-07 03:59:57
1769,483,2,6,,23,2025-12-07 03:59:57,2025-12-07 03:59:57
1770,483,3,2,,AV. PANAMERICANA,2025-12-07 03:59:57,2025-12-07 03:59:57
1771,483,4,1,,2,2025-12-07 03:59:57,2025-12-07 03:59:57
1772,484,1,1,,18,2025-12-07 03:59:57,2025-12-07 03:59:57
1773,484,1,2,3,,2025-12-07 03:59:57,2025-12-07 03:59:57
1774,484,2,1,,20,2025-12-07 03:59:57,2025-12-07 03:59:57
1775,484,3,2,,AV. PANAMERICANA,2025-12-07 03:59:57,2025-12-07 03:59:57
1776,484,4,1,,2,2025-12-07 03:59:57,2025-12-07 03:59:57
1777,486,1,1,,2,2025-12-07 03:59:57,2025-12-07 03:59:57
1778,486,2,2,12,,2025-12-07 03:59:57,2025-12-07 03:59:57
1779,486,2,2,,CALLE ANTOAGASTA,2025-12-07 03:59:57,2025-12-07 03:59:57
1780,486,3,1,,23,2025-12-07 03:59:57,2025-12-07 03:59:57
1781,486,4,2,10,,2025-12-07 03:59:57,2025-12-07 03:59:57
1782,487,1,1,,17,2025-12-07 03:59:57,2025-12-07 03:59:57
1783,487,1,2,,AV.PANAMERICANA,2025-12-07 03:59:57,2025-12-07 03:59:57
1784,487,2,1,,19,2025-12-07 03:59:57,2025-12-07 03:59:57
1785,487,3,2,3,,2025-12-07 03:59:57,2025-12-07 03:59:57
1786,487,4,1,,3,2025-12-07 03:59:57,2025-12-07 03:59:57
1787,488,1,1,,4 Y17,2025-12-07 03:59:57,2025-12-07 03:59:57
1788,488,2,1,,2,2025-12-07 03:59:57,2025-12-07 03:59:57
1789,488,3,1,,18,2025-12-07 03:59:57,2025-12-07 03:59:57
1790,488,4,2,10,,2025-12-07 03:59:57,2025-12-07 03:59:57
1791,489,1,1,,5,2025-12-07 03:59:57,2025-12-07 03:59:57
1792,489,2,1,,3,2025-12-07 03:59:57,2025-12-07 03:59:57
1793,489,3,1,,17,2025-12-07 03:59:57,2025-12-07 03:59:57
1794,489,4,2,10,,2025-12-07 03:59:57,2025-12-07 03:59:57
1795,490,1,1,,6,2025-12-07 03:59:57,2025-12-07 03:59:57
1796,490,2,1,,4,2025-12-07 03:59:57,2025-12-07 03:59:57
1797,490,3,1,,17,2025-12-07 03:59:57,2025-12-07 03:59:57
1798,490,4,2,10,,2025-12-07 03:59:57,2025-12-07 03:59:57
1799,491,1,1,,16,2025-12-07 03:59:57,2025-12-07 03:59:57
1800,491,1,2,3,,2025-12-07 03:59:57,2025-12-07 03:59:57
1801,491,2,1,,18,2025-12-07 03:59:57,2025-12-07 03:59:57
1802,491,3,2,,AV. PANAMERICANA,2025-12-07 03:59:57,2025-12-07 03:59:57
1803,491,4,1,,4,2025-12-07 03:59:57,2025-12-07 03:59:57
1804,491,4,6,,5,2025-12-07 03:59:57,2025-12-07 03:59:57
1805,494,1,1,,7,2025-12-07 03:59:57,2025-12-07 03:59:57
1806,494,2,1,,5,2025-12-07 03:59:57,2025-12-07 03:59:57
1807,494,3,1,,15,2025-12-07 03:59:57,2025-12-07 03:59:57
1808,494,3,6,,16,2025-12-07 03:59:57,2025-12-07 03:59:57
1809,494,4,2,10,,2025-12-07 03:59:57,2025-12-07 03:59:57
1810,495,1,1,,11,2025-12-07 03:59:57,2025-12-07 03:59:57
1811,495,1,2,3,,2025-12-07 03:59:57,2025-12-07 03:59:57
1812,495,2,1,,13,2025-12-07 03:59:57,2025-12-07 03:59:57
1813,495,3,2,,AV. PANAMERICANA,2025-12-07 03:59:57,2025-12-07 03:59:57
1814,495,4,1,,9,2025-12-07 03:59:57,2025-12-07 03:59:57
1815,496,1,1,,10,2025-12-07 03:59:57,2025-12-07 03:59:57
1816,496,1,6,,11,2025-12-07 03:59:57,2025-12-07 03:59:57
1817,496,2,1,,8,2025-12-07 03:59:57,2025-12-07 03:59:57
1818,496,3,1,,12,2025-12-07 03:59:57,2025-12-07 03:59:57
1819,496,4,2,10,,2025-12-07 03:59:57,2025-12-07 03:59:57
1820,497,1,1,,18,2025-12-07 03:59:57,2025-12-07 03:59:57
1821,497,2,1,,20,2025-12-07 03:59:57,2025-12-07 03:59:57
1822,497,3,2,,AV. PANAMERICANA,2025-12-07 03:59:57,2025-12-07 03:59:57
1823,497,4,1,,2,2025-12-07 03:59:57,2025-12-07 03:59:57
1824,498,1,1,,17,2025-12-07 03:59:57,2025-12-07 03:59:57
1825,498,2,1,,19,2025-12-07 03:59:57,2025-12-07 03:59:57
1826,498,3,2,,AV. PANAMERICANA,2025-12-07 03:59:57,2025-12-07 03:59:57
1827,498,4,1,,2,2025-12-07 03:59:57,2025-12-07 03:59:57
1828,499,1,1,,3,2025-12-07 03:59:57,2025-12-07 03:59:57
1829,499,2,1,,1,2025-12-07 03:59:57,2025-12-07 03:59:57
1830,499,3,1,,18,2025-12-07 03:59:57,2025-12-07 03:59:57
1831,499,3,6,,19,2025-12-07 03:59:57,2025-12-07 03:59:57
1832,499,4,2,10,,2025-12-07 03:59:57,2025-12-07 03:59:57
1833,501,1,1,,3,2025-12-07 03:59:57,2025-12-07 03:59:57
1834,501,2,1,,1,2025-12-07 03:59:57,2025-12-07 03:59:57
1835,501,3,2,3,,2025-12-07 03:59:57,2025-12-07 03:59:57
1836,501,4,2,10,,2025-12-07 03:59:57,2025-12-07 03:59:57
1837,502,1,1,,4,2025-12-07 03:59:57,2025-12-07 03:59:57
1838,502,2,1,,2,2025-12-07 03:59:57,2025-12-07 03:59:57
1839,502,3,2,,AV. PANAMERICANA,2025-12-07 03:59:57,2025-12-07 03:59:57
1840,502,4,2,10,,2025-12-07 03:59:57,2025-12-07 03:59:57
1841,503,1,1,,5,2025-12-07 03:59:57,2025-12-07 03:59:57
1842,503,2,1,,3,2025-12-07 03:59:57,2025-12-07 03:59:57
1843,503,3,2,,AV. PANAMERICANA,2025-12-07 03:59:57,2025-12-07 03:59:57
1844,503,4,2,10,,2025-12-07 03:59:57,2025-12-07 03:59:57
1845,504,1,1,,6,2025-12-07 03:59:57,2025-12-07 03:59:57
1846,504,2,1,,4,2025-12-07 03:59:57,2025-12-07 03:59:57
1847,504,3,2,,AV. PANAMERICANA,2025-12-07 03:59:57,2025-12-07 03:59:57
1848,504,4,2,10,,2025-12-07 03:59:57,2025-12-07 03:59:57
1849,505,1,1,,9,2025-12-07 03:59:57,2025-12-07 03:59:57
1850,505,2,1,,7,2025-12-07 03:59:57,2025-12-07 03:59:57
1851,505,3,1,,13,2025-12-07 03:59:57,2025-12-07 03:59:57
1852,505,4,2,14,,2025-12-07 03:59:57,2025-12-07 03:59:57
1853,506,1,1,,3,2025-12-07 03:59:57,2025-12-07 03:59:57
1854,506,2,1,,1,2025-12-07 03:59:57,2025-12-07 03:59:57
1855,506,3,1,,19,2025-12-07 03:59:57,2025-12-07 03:59:57
1856,506,4,2,14,,2025-12-07 03:59:57,2025-12-07 03:59:57
1857,508,1,1,,2,2025-12-07 03:59:57,2025-12-07 03:59:57
1858,508,2,2,20,,2025-12-07 03:59:57,2025-12-07 03:59:57
1859,508,3,1,,12,2025-12-07 03:59:57,2025-12-07 03:59:57
1860,508,3,2,20,,2025-12-07 03:59:57,2025-12-07 03:59:57
1861,508,4,2,14,,2025-12-07 03:59:57,2025-12-07 03:59:57
1862,509,1,1,,9,2025-12-07 03:59:57,2025-12-07 03:59:57
1863,509,2,1,,11,2025-12-07 03:59:57,2025-12-07 03:59:57
1864,509,3,2,13,,2025-12-07 03:59:57,2025-12-07 03:59:57
1865,509,4,1,,3,2025-12-07 03:59:57,2025-12-07 03:59:57
1866,531,1,1,,27,2025-12-07 03:59:57,2025-12-07 03:59:57
1867,531,2,1,,29,2025-12-07 03:59:57,2025-12-07 03:59:57
1868,531,3,2,5,,2025-12-07 03:59:57,2025-12-07 03:59:57
1869,531,4,1,,10,2025-12-07 03:59:57,2025-12-07 03:59:57
1870,531,4,6,,11,2025-12-07 03:59:57,2025-12-07 03:59:57
1871,510,1,1,,8,2025-12-07 03:59:57,2025-12-07 03:59:57
1872,510,2,1,,10,2025-12-07 03:59:57,2025-12-07 03:59:57
1873,510,3,2,13,,2025-12-07 03:59:57,2025-12-07 03:59:57
1874,510,4,1,,4,2025-12-07 03:59:57,2025-12-07 03:59:57
1875,511,1,1,,7,2025-12-07 03:59:57,2025-12-07 03:59:57
1876,511,2,1,,9,2025-12-07 03:59:57,2025-12-07 03:59:57
1877,511,3,2,13,,2025-12-07 03:59:57,2025-12-07 03:59:57
1878,511,4,1,,5,2025-12-07 03:59:57,2025-12-07 03:59:57
1879,512,1,1,,13,2025-12-07 03:59:57,2025-12-07 03:59:57
1880,512,2,1,,15,2025-12-07 03:59:57,2025-12-07 03:59:57
1881,512,3,2,13,,2025-12-07 03:59:57,2025-12-07 03:59:57
1882,512,4,1,,11,2025-12-07 03:59:57,2025-12-07 03:59:57
1883,512,4,6,,12,2025-12-07 03:59:57,2025-12-07 03:59:57
1884,513,1,1,,14,2025-12-07 03:59:57,2025-12-07 03:59:57
1885,513,2,1,,16,2025-12-07 03:59:57,2025-12-07 03:59:57
1886,513,3,2,13,,2025-12-07 03:59:57,2025-12-07 03:59:57
1887,513,4,1,,9,2025-12-07 03:59:57,2025-12-07 03:59:57
1888,514,1,1,,15,2025-12-07 03:59:57,2025-12-07 03:59:57
1889,514,2,1,,17,2025-12-07 03:59:57,2025-12-07 03:59:57
1890,514,3,2,13,,2025-12-07 03:59:57,2025-12-07 03:59:57
1891,514,4,1,,8,2025-12-07 03:59:57,2025-12-07 03:59:57
1892,515,1,1,,18,2025-12-07 03:59:57,2025-12-07 03:59:57
1893,515,2,1,,20,2025-12-07 03:59:57,2025-12-07 03:59:57
1894,515,3,2,13,,2025-12-07 03:59:57,2025-12-07 03:59:57
1895,515,4,1,,5,2025-12-07 03:59:57,2025-12-07 03:59:57
1896,516,1,1,,19,2025-12-07 03:59:57,2025-12-07 03:59:57
1897,516,2,1,,21,2025-12-07 03:59:57,2025-12-07 03:59:57
1898,516,3,2,13,,2025-12-07 03:59:57,2025-12-07 03:59:57
1899,516,4,1,,3,2025-12-07 03:59:57,2025-12-07 03:59:57
1900,516,4,6,,4,2025-12-07 03:59:57,2025-12-07 03:59:57
1901,517,1,1,,20,2025-12-07 03:59:57,2025-12-07 03:59:57
1902,517,2,1,,22,2025-12-07 03:59:57,2025-12-07 03:59:57
1903,517,3,2,13,,2025-12-07 03:59:57,2025-12-07 03:59:57
1904,517,4,1,,2,2025-12-07 03:59:57,2025-12-07 03:59:57
1905,519,1,1,,5,2025-12-07 03:59:57,2025-12-07 03:59:57
1906,519,2,1,,3,2025-12-07 03:59:57,2025-12-07 03:59:57
1907,519,3,1,,20,2025-12-07 03:59:57,2025-12-07 03:59:57
1908,519,4,2,14,,2025-12-07 03:59:57,2025-12-07 03:59:57
1909,520,1,1,,4,2025-12-07 03:59:57,2025-12-07 03:59:57
1910,520,2,1,,2,2025-12-07 03:59:57,2025-12-07 03:59:57
1911,520,3,1,,20,2025-12-07 03:59:57,2025-12-07 03:59:57
1912,520,3,6,,21,2025-12-07 03:59:57,2025-12-07 03:59:57
1913,520,4,2,14,,2025-12-07 03:59:57,2025-12-07 03:59:57
1914,521,1,2,20,,2025-12-07 03:59:57,2025-12-07 03:59:57
1915,521,1,2,14,,2025-12-07 03:59:57,2025-12-07 03:59:57
1916,521,2,1,,15,2025-12-07 03:59:57,2025-12-07 03:59:57
1917,521,3,2,14,,2025-12-07 03:59:57,2025-12-07 03:59:57
1918,521,4,1,,13,2025-12-07 03:59:57,2025-12-07 03:59:57
1919,521,4,2,20,,2025-12-07 03:59:57,2025-12-07 03:59:57
1920,522,1,2,20,,2025-12-07 03:59:57,2025-12-07 03:59:57
1921,522,2,1,,15,2025-12-07 03:59:57,2025-12-07 03:59:57
1922,522,2,6,,10,2025-12-07 03:59:57,2025-12-07 03:59:57
1923,522,3,1,,14,2025-12-07 03:59:57,2025-12-07 03:59:57
1924,522,4,1,,12,2025-12-07 03:59:57,2025-12-07 03:59:57
1925,522,4,2,20,,2025-12-07 03:59:57,2025-12-07 03:59:57
1926,523,1,2,20,,2025-12-07 03:59:57,2025-12-07 03:59:57
1927,523,2,1,,11,2025-12-07 03:59:57,2025-12-07 03:59:57
1928,523,2,2,5,,2025-12-07 03:59:57,2025-12-07 03:59:57
1929,523,3,1,,13,2025-12-07 03:59:57,2025-12-07 03:59:57
1930,523,4,6,,C/ TOPATER,2025-12-07 03:59:57,2025-12-07 03:59:57
1931,523,4,2,5,,2025-12-07 03:59:57,2025-12-07 03:59:57
1932,191,1,1,,8,2025-12-07 03:59:57,2025-12-07 03:59:57
1933,191,2,1,,6,2025-12-07 03:59:57,2025-12-07 03:59:57
1934,191,3,1,,13,2025-12-07 03:59:57,2025-12-07 03:59:57
1935,191,3,6,,14,2025-12-07 03:59:57,2025-12-07 03:59:57
1936,191,4,2,10,,2025-12-07 03:59:57,2025-12-07 03:59:57
1937,524,1,1,,2,2025-12-07 03:59:57,2025-12-07 03:59:57
1938,524,2,2,9,,2025-12-07 03:59:57,2025-12-07 03:59:57
1939,524,3,1,,25,2025-12-07 03:59:57,2025-12-07 03:59:57
1940,524,3,2,9,,2025-12-07 03:59:57,2025-12-07 03:59:57
1941,524,4,2,5,,2025-12-07 03:59:57,2025-12-07 03:59:57
1942,525,1,2,,C. TOPATER.,2025-12-07 03:59:57,2025-12-07 03:59:57
1943,525,1,2,,C. 15 DE NOVIEMBRE,2025-12-07 03:59:57,2025-12-07 03:59:57
1944,525,2,1,,23,2025-12-07 03:59:57,2025-12-07 03:59:57
1945,525,3,2,5,,2025-12-07 03:59:57,2025-12-07 03:59:57
1946,525,4,1,,21,2025-12-07 03:59:57,2025-12-07 03:59:57
1947,526,1,1,,21,2025-12-07 03:59:57,2025-12-07 03:59:57
1948,526,1,6,,22,2025-12-07 03:59:57,2025-12-07 03:59:57
1949,526,2,1,,24,2025-12-07 03:59:57,2025-12-07 03:59:57
1950,526,3,2,5,,2025-12-07 03:59:57,2025-12-07 03:59:57
1951,526,4,1,,16,2025-12-07 03:59:57,2025-12-07 03:59:57
1952,526,4,6,,20,2025-12-07 03:59:57,2025-12-07 03:59:57
1953,527,1,1,,23,2025-12-07 03:59:57,2025-12-07 03:59:57
1954,527,2,1,,25,2025-12-07 03:59:57,2025-12-07 03:59:57
1955,527,3,2,5,,2025-12-07 03:59:57,2025-12-07 03:59:57
1956,527,4,1,,14,2025-12-07 03:59:57,2025-12-07 03:59:57
1957,527,4,6,,15,2025-12-07 03:59:57,2025-12-07 03:59:57
1958,530,1,1,,25,2025-12-07 03:59:57,2025-12-07 03:59:57
1959,530,2,1,,27,2025-12-07 03:59:57,2025-12-07 03:59:57
1960,530,3,2,5,,2025-12-07 03:59:57,2025-12-07 03:59:57
1961,530,4,1,,12,2025-12-07 03:59:57,2025-12-07 03:59:57
1962,530,4,6,,13,2025-12-07 03:59:57,2025-12-07 03:59:57
1963,533,1,1,,29,2025-12-07 03:59:57,2025-12-07 03:59:57
1964,533,2,1,,31,2025-12-07 03:59:57,2025-12-07 03:59:57
1965,533,3,2,5,,2025-12-07 03:59:57,2025-12-07 03:59:57
1966,533,4,1,,7,2025-12-07 03:59:57,2025-12-07 03:59:57
1967,533,4,6,,8,2025-12-07 03:59:57,2025-12-07 03:59:57
1968,534,1,1,,31,2025-12-07 03:59:57,2025-12-07 03:59:57
1969,534,2,1,,33,2025-12-07 03:59:57,2025-12-07 03:59:57
1970,534,2,6,,34,2025-12-07 03:59:57,2025-12-07 03:59:57
1971,534,3,2,5,,2025-12-07 03:59:57,2025-12-07 03:59:57
1972,534,4,1,,3,2025-12-07 03:59:57,2025-12-07 03:59:57
1973,534,4,6,,4,2025-12-07 03:59:57,2025-12-07 03:59:57
1974,535,1,1,,2,2025-12-07 03:59:57,2025-12-07 03:59:57
1975,535,1,6,,3,2025-12-07 03:59:57,2025-12-07 03:59:57
1976,535,2,6,,C/ AROMA,2025-12-07 03:59:57,2025-12-07 03:59:57
1977,535,2,2,3,,2025-12-07 03:59:57,2025-12-07 03:59:57
1978,535,3,1,,34,2025-12-07 03:59:57,2025-12-07 03:59:57
1979,535,4,2,3,,2025-12-07 03:59:57,2025-12-07 03:59:57
1980,536,1,1,,19,2025-12-07 03:59:57,2025-12-07 03:59:57
1981,536,2,1,,21,2025-12-07 03:59:57,2025-12-07 03:59:57
1982,536,3,2,5,,2025-12-07 03:59:57,2025-12-07 03:59:57
1983,536,4,1,,7,2025-12-07 03:59:57,2025-12-07 03:59:57
1984,537,1,1,,17,2025-12-07 03:59:57,2025-12-07 03:59:57
1985,537,2,1,,19,2025-12-07 03:59:57,2025-12-07 03:59:57
1986,537,3,2,5,,2025-12-07 03:59:57,2025-12-07 03:59:57
1987,537,4,1,,8,2025-12-07 03:59:57,2025-12-07 03:59:57
1988,537,4,6,,9,2025-12-07 03:59:57,2025-12-07 03:59:57
1989,538,1,1,,19,2025-12-07 03:59:57,2025-12-07 03:59:57
1990,538,2,1,,20,2025-12-07 03:59:57,2025-12-07 03:59:57
1991,538,3,2,5,,2025-12-07 03:59:57,2025-12-07 03:59:57
1992,538,4,1,,7,2025-12-07 03:59:57,2025-12-07 03:59:57
1993,538,4,6,,8,2025-12-07 03:59:57,2025-12-07 03:59:57
1994,539,1,1,,16,2025-12-07 03:59:57,2025-12-07 03:59:57
1995,539,2,1,,18,2025-12-07 03:59:57,2025-12-07 03:59:57
1996,539,3,2,14,,2025-12-07 03:59:57,2025-12-07 03:59:57
1997,539,4,1,,8,2025-12-07 03:59:57,2025-12-07 03:59:57
1998,540,1,1,,20,2025-12-07 03:59:57,2025-12-07 03:59:57
1999,540,2,1,,22,2025-12-07 03:59:57,2025-12-07 03:59:57
2000,540,3,2,5,,2025-12-07 03:59:57,2025-12-07 03:59:57
2001,540,4,1,,5,2025-12-07 03:59:57,2025-12-07 03:59:57
2002,540,4,6,,6,2025-12-07 03:59:57,2025-12-07 03:59:57
2003,541,1,1,,21,2025-12-07 03:59:57,2025-12-07 03:59:57
2004,541,2,1,,1,2025-12-07 03:59:57,2025-12-07 03:59:57
2005,541,3,2,5,,2025-12-07 03:59:57,2025-12-07 03:59:57
2006,541,4,1,,3,2025-12-07 03:59:57,2025-12-07 03:59:57
2007,541,4,6,,4,2025-12-07 03:59:57,2025-12-07 03:59:57
2008,541,4,6,,5,2025-12-07 03:59:57,2025-12-07 03:59:57
2009,544,1,1,,18,2025-12-07 03:59:57,2025-12-07 03:59:57
2010,544,2,1,,20,2025-12-07 03:59:57,2025-12-07 03:59:57
2011,544,3,2,14,,2025-12-07 03:59:57,2025-12-07 03:59:57
2012,544,4,1,,6,2025-12-07 03:59:57,2025-12-07 03:59:57
2013,545,1,1,,19,2025-12-07 03:59:57,2025-12-07 03:59:57
2014,545,2,1,,21,2025-12-07 03:59:57,2025-12-07 03:59:57
2015,545,3,2,14,,2025-12-07 03:59:57,2025-12-07 03:59:57
2016,545,4,1,,5,2025-12-07 03:59:57,2025-12-07 03:59:57
2017,545,4,6,,6,2025-12-07 03:59:57,2025-12-07 03:59:57
2018,547,1,1,,21,2025-12-07 03:59:57,2025-12-07 03:59:57
2019,547,2,1,,23,2025-12-07 03:59:57,2025-12-07 03:59:57
2020,547,3,2,14,,2025-12-07 03:59:57,2025-12-07 03:59:57
2021,547,4,1,,3,2025-12-07 03:59:57,2025-12-07 03:59:57
2022,548,1,1,,22,2025-12-07 03:59:57,2025-12-07 03:59:57
2023,548,2,1,,24,2025-12-07 03:59:57,2025-12-07 03:59:57
2024,548,2,6,,25,2025-12-07 03:59:57,2025-12-07 03:59:57
2025,548,3,2,14,,2025-12-07 03:59:57,2025-12-07 03:59:57
2026,548,4,1,,2,2025-12-07 03:59:57,2025-12-07 03:59:57
2027,549,1,1,,2,2025-12-07 03:59:57,2025-12-07 03:59:57
2028,549,2,2,11,,2025-12-07 03:59:57,2025-12-07 03:59:57
2029,549,3,1,,21,2025-12-07 03:59:57,2025-12-07 03:59:57
2030,549,4,2,14,,2025-12-07 03:59:57,2025-12-07 03:59:57
2031,550,1,2,9,,2025-12-07 03:59:57,2025-12-07 03:59:57
2032,550,2,1,,12,2025-12-07 03:59:57,2025-12-07 03:59:57
2033,550,3,2,13,,2025-12-07 03:59:57,2025-12-07 03:59:57
2034,550,4,1,,10,2025-12-07 03:59:57,2025-12-07 03:59:57
2035,551,1,1,,11,2025-12-07 03:59:57,2025-12-07 03:59:57
2036,551,2,1,,13,2025-12-07 03:59:57,2025-12-07 03:59:57
2037,551,3,2,13,,2025-12-07 03:59:57,2025-12-07 03:59:57
2038,551,4,1,,9,2025-12-07 03:59:57,2025-12-07 03:59:57
2039,552,1,1,,12,2025-12-07 03:59:57,2025-12-07 03:59:57
2040,552,2,1,,14,2025-12-07 03:59:57,2025-12-07 03:59:57
2041,552,3,2,13,,2025-12-07 03:59:57,2025-12-07 03:59:57
2042,552,4,1,,8,2025-12-07 03:59:57,2025-12-07 03:59:57
2043,553,1,1,,13,2025-12-07 03:59:57,2025-12-07 03:59:57
2044,553,2,1,,15,2025-12-07 03:59:57,2025-12-07 03:59:57
2045,553,3,2,13,,2025-12-07 03:59:57,2025-12-07 03:59:57
2046,553,4,1,,7,2025-12-07 03:59:57,2025-12-07 03:59:57
2047,554,1,1,,14,2025-12-07 03:59:57,2025-12-07 03:59:57
2048,554,2,1,,16,2025-12-07 03:59:57,2025-12-07 03:59:57
2049,554,3,2,13,,2025-12-07 03:59:57,2025-12-07 03:59:57
2050,554,4,1,,6,2025-12-07 03:59:57,2025-12-07 03:59:57
2051,555,1,1,,15,2025-12-07 03:59:57,2025-12-07 03:59:57
2052,555,2,1,,17,2025-12-07 03:59:57,2025-12-07 03:59:57
2053,555,3,2,13,,2025-12-07 03:59:57,2025-12-07 03:59:57
2054,555,4,1,,5,2025-12-07 03:59:57,2025-12-07 03:59:57
2055,556,1,1,,16,2025-12-07 03:59:58,2025-12-07 03:59:58
2056,556,2,1,,18,2025-12-07 03:59:58,2025-12-07 03:59:58
2057,556,3,2,13,,2025-12-07 03:59:58,2025-12-07 03:59:58
2058,556,4,1,,4,2025-12-07 03:59:58,2025-12-07 03:59:58
2059,557,1,2,9,,2025-12-07 03:59:58,2025-12-07 03:59:58
2060,557,2,1,,9,2025-12-07 03:59:58,2025-12-07 03:59:58
2061,557,3,1,,11,2025-12-07 03:59:58,2025-12-07 03:59:58
2062,557,4,2,14,,2025-12-07 03:59:58,2025-12-07 03:59:58
2063,31,1,1,,13,2025-12-07 03:59:58,2025-12-07 03:59:58
2064,31,2,1,,15,2025-12-07 03:59:58,2025-12-07 03:59:58
2065,31,3,2,,AV. BARTOLINA SISA,2025-12-07 03:59:58,2025-12-07 03:59:58
2066,31,4,1,,5,2025-12-07 03:59:58,2025-12-07 03:59:58
2067,558,1,1,,18,2025-12-07 03:59:58,2025-12-07 03:59:58
2068,558,1,2,5,,2025-12-07 03:59:58,2025-12-07 03:59:58
2069,558,2,2,12,,2025-12-07 03:59:58,2025-12-07 03:59:58
2070,558,3,2,5,,2025-12-07 03:59:58,2025-12-07 03:59:58
2071,558,4,1,,20,2025-12-07 03:59:58,2025-12-07 03:59:58
2072,559,1,1,,17,2025-12-07 03:59:58,2025-12-07 03:59:58
2073,559,2,1,,19,2025-12-07 03:59:58,2025-12-07 03:59:58
2074,559,2,6,,20,2025-12-07 03:59:58,2025-12-07 03:59:58
2075,559,3,2,5,,2025-12-07 03:59:58,2025-12-07 03:59:58
2076,559,4,1,,2,2025-12-07 03:59:58,2025-12-07 03:59:58
2077,560,1,1,,16,2025-12-07 03:59:58,2025-12-07 03:59:58
2078,560,2,1,,18,2025-12-07 03:59:58,2025-12-07 03:59:58
2079,560,3,2,5,,2025-12-07 03:59:58,2025-12-07 03:59:58
2080,560,4,1,,3,2025-12-07 03:59:58,2025-12-07 03:59:58
2081,561,1,1,,15,2025-12-07 03:59:58,2025-12-07 03:59:58
2082,561,2,1,,17,2025-12-07 03:59:58,2025-12-07 03:59:58
2083,561,3,2,5,,2025-12-07 03:59:58,2025-12-07 03:59:58
2084,561,4,1,,4,2025-12-07 03:59:58,2025-12-07 03:59:58
2085,562,1,1,,14,2025-12-07 03:59:58,2025-12-07 03:59:58
2086,562,2,1,,16,2025-12-07 03:59:58,2025-12-07 03:59:58
2087,562,3,2,5,,2025-12-07 03:59:58,2025-12-07 03:59:58
2088,562,4,1,,5,2025-12-07 03:59:58,2025-12-07 03:59:58
2089,563,1,1,,13,2025-12-07 03:59:58,2025-12-07 03:59:58
2090,563,2,1,,15,2025-12-07 03:59:58,2025-12-07 03:59:58
2091,563,3,2,5,,2025-12-07 03:59:58,2025-12-07 03:59:58
2092,563,4,1,,6,2025-12-07 03:59:58,2025-12-07 03:59:58
2093,30,1,1,,5,2025-12-07 03:59:58,2025-12-07 03:59:58
2094,30,2,1,,3,2025-12-07 03:59:58,2025-12-07 03:59:58
2095,30,3,1,,15,2025-12-07 03:59:58,2025-12-07 03:59:58
2096,30,4,2,13,,2025-12-07 03:59:58,2025-12-07 03:59:58
2097,565,1,6,,C/ LITORAL,2025-12-07 03:59:58,2025-12-07 03:59:58
2098,565,1,2,5,,2025-12-07 03:59:58,2025-12-07 03:59:58
2099,565,2,1,,12,2025-12-07 03:59:58,2025-12-07 03:59:58
2100,565,3,2,5,,2025-12-07 03:59:58,2025-12-07 03:59:58
2101,565,4,1,,10,2025-12-07 03:59:58,2025-12-07 03:59:58
2102,57,1,1,,5,2025-12-07 03:59:58,2025-12-07 03:59:58
2103,57,2,1,,3,2025-12-07 03:59:58,2025-12-07 03:59:58
2104,57,3,1,,13,2025-12-07 03:59:58,2025-12-07 03:59:58
2105,57,4,2,13,,2025-12-07 03:59:58,2025-12-07 03:59:58
2106,567,1,1,,9,2025-12-07 03:59:58,2025-12-07 03:59:58
2107,567,2,1,,7,2025-12-07 03:59:58,2025-12-07 03:59:58
2108,567,3,1,,17,2025-12-07 03:59:58,2025-12-07 03:59:58
2109,567,4,2,5,,2025-12-07 03:59:58,2025-12-07 03:59:58
2110,568,1,1,,2,2025-12-07 03:59:58,2025-12-07 03:59:58
2111,568,2,2,2,,2025-12-07 03:59:58,2025-12-07 03:59:58
2112,568,3,1,,20,2025-12-07 03:59:58,2025-12-07 03:59:58
2113,568,4,2,5,,2025-12-07 03:59:58,2025-12-07 03:59:58
2114,569,1,2,2,,2025-12-07 03:59:58,2025-12-07 03:59:58
2115,569,2,1,,11,2025-12-07 03:59:58,2025-12-07 03:59:58
2116,569,3,1,,13,2025-12-07 03:59:58,2025-12-07 03:59:58
2117,569,4,2,5,,2025-12-07 03:59:58,2025-12-07 03:59:58
2118,570,1,2,2,,2025-12-07 03:59:58,2025-12-07 03:59:58
2119,570,1,6,,C/ 9 DE ENERO,2025-12-07 03:59:58,2025-12-07 03:59:58
2120,570,2,1,,14,2025-12-07 03:59:58,2025-12-07 03:59:58
2121,570,3,2,14,,2025-12-07 03:59:58,2025-12-07 03:59:58
2122,570,4,2,2,,2025-12-07 03:59:58,2025-12-07 03:59:58
2123,570,4,1,,12.,2025-12-07 03:59:58,2025-12-07 03:59:58
2124,192,1,1,,9,2025-12-07 03:59:58,2025-12-07 03:59:58
2125,192,2,1,,7,2025-12-07 03:59:58,2025-12-07 03:59:58
2126,192,3,1,,12,2025-12-07 03:59:58,2025-12-07 03:59:58
2127,192,4,2,10,,2025-12-07 03:59:58,2025-12-07 03:59:58
2128,571,1,1,,3,2025-12-07 03:59:58,2025-12-07 03:59:58
2129,571,2,1,,1,2025-12-07 03:59:58,2025-12-07 03:59:58
2130,571,3,1,,19,2025-12-07 03:59:58,2025-12-07 03:59:58
2131,571,4,2,5,,2025-12-07 03:59:58,2025-12-07 03:59:58
2132,572,1,1,,4,2025-12-07 03:59:58,2025-12-07 03:59:58
2133,572,2,1,,2,2025-12-07 03:59:58,2025-12-07 03:59:58
2134,572,3,1,,18,2025-12-07 03:59:58,2025-12-07 03:59:58
2135,572,4,2,5,,2025-12-07 03:59:58,2025-12-07 03:59:58
2136,573,1,1,,5,2025-12-07 03:59:58,2025-12-07 03:59:58
2137,573,2,1,,3,2025-12-07 03:59:58,2025-12-07 03:59:58
2138,573,3,1,,17,2025-12-07 03:59:58,2025-12-07 03:59:58
2139,573,4,2,5,,2025-12-07 03:59:58,2025-12-07 03:59:58
2140,574,1,1,,6,2025-12-07 03:59:58,2025-12-07 03:59:58
2141,574,2,1,,4,2025-12-07 03:59:58,2025-12-07 03:59:58
2142,574,3,1,,16,2025-12-07 03:59:58,2025-12-07 03:59:58
2143,574,4,2,5,,2025-12-07 03:59:58,2025-12-07 03:59:58
2144,575,1,1,,7,2025-12-07 03:59:58,2025-12-07 03:59:58
2145,575,2,1,,5,2025-12-07 03:59:58,2025-12-07 03:59:58
2146,575,3,1,,15,2025-12-07 03:59:58,2025-12-07 03:59:58
2147,575,4,2,5,,2025-12-07 03:59:58,2025-12-07 03:59:58
2148,576,1,2,18,,2025-12-07 03:59:58,2025-12-07 03:59:58
2149,576,2,1,,9,2025-12-07 03:59:58,2025-12-07 03:59:58
2150,576,3,1,,11,2025-12-07 03:59:58,2025-12-07 03:59:58
2151,576,4,2,5,,2025-12-07 03:59:58,2025-12-07 03:59:58
2152,576,4,2,,AV. PACIFICO,2025-12-07 03:59:58,2025-12-07 03:59:58
2153,578,1,1,,11,2025-12-07 03:59:58,2025-12-07 03:59:58
2154,578,2,1,,13,2025-12-07 03:59:58,2025-12-07 03:59:58
2155,578,3,2,14,,2025-12-07 03:59:58,2025-12-07 03:59:58
2156,578,4,1,,9,2025-12-07 03:59:58,2025-12-07 03:59:58
2157,579,1,2,,AV. PACIFICO,2025-12-07 03:59:58,2025-12-07 03:59:58
2158,579,2,1,,12,2025-12-07 03:59:58,2025-12-07 03:59:58
2159,579,3,2,14,,2025-12-07 03:59:58,2025-12-07 03:59:58
2160,579,4,1,,10,2025-12-07 03:59:58,2025-12-07 03:59:58
2161,579,4,2,18,,2025-12-07 03:59:58,2025-12-07 03:59:58
2162,580,1,1,,3,2025-12-07 03:59:58,2025-12-07 03:59:58
2163,580,2,1,,1,2025-12-07 03:59:58,2025-12-07 03:59:58
2164,580,3,1,,22,2025-12-07 03:59:58,2025-12-07 03:59:58
2165,580,4,2,,AV. PANAMERICANA,2025-12-07 03:59:58,2025-12-07 03:59:58
2166,581,1,1,,21,2025-12-07 03:59:58,2025-12-07 03:59:58
2167,581,2,1,,23,2025-12-07 03:59:58,2025-12-07 03:59:58
2168,581,3,2,5,,2025-12-07 03:59:58,2025-12-07 03:59:58
2169,581,4,1,,2,2025-12-07 03:59:58,2025-12-07 03:59:58
2170,582,1,1,,9,2025-12-07 03:59:58,2025-12-07 03:59:58
2171,582,2,1,,7,2025-12-07 03:59:58,2025-12-07 03:59:58
2172,582,3,1,,16,2025-12-07 03:59:58,2025-12-07 03:59:58
2173,582,3,6,,17,2025-12-07 03:59:58,2025-12-07 03:59:58
2174,582,4,2,,AV. PANAMERICANA,2025-12-07 03:59:58,2025-12-07 03:59:58
2175,583,1,1,,16,2025-12-07 03:59:58,2025-12-07 03:59:58
2176,583,2,1,,18,2025-12-07 03:59:58,2025-12-07 03:59:58
2177,583,3,2,5,,2025-12-07 03:59:58,2025-12-07 03:59:58
2178,583,4,1,,7,2025-12-07 03:59:58,2025-12-07 03:59:58
2179,584,1,1,,10,2025-12-07 03:59:58,2025-12-07 03:59:58
2180,584,2,1,,8,2025-12-07 03:59:58,2025-12-07 03:59:58
2181,584,3,1,,16,2025-12-07 03:59:58,2025-12-07 03:59:58
2182,584,4,2,,AV. PANAMERICANA,2025-12-07 03:59:58,2025-12-07 03:59:58
2183,585,1,1,,9,2025-12-07 03:59:58,2025-12-07 03:59:58
2184,585,2,2,,AV. PACIFICO,2025-12-07 03:59:58,2025-12-07 03:59:58
2185,585,3,2,5,,2025-12-07 03:59:58,2025-12-07 03:59:58
2186,585,4,1,,1,2025-12-07 03:59:58,2025-12-07 03:59:58
2187,586,1,1,,8,2025-12-07 03:59:58,2025-12-07 03:59:58
2188,586,2,1,,10,2025-12-07 03:59:58,2025-12-07 03:59:58
2189,586,3,2,5,,2025-12-07 03:59:58,2025-12-07 03:59:58
2190,586,4,1,,2,2025-12-07 03:59:58,2025-12-07 03:59:58
2191,587,1,1,,3,2025-12-07 03:59:58,2025-12-07 03:59:58
2192,587,2,1,,1,2025-12-07 03:59:58,2025-12-07 03:59:58
2193,587,3,1,,9,2025-12-07 03:59:58,2025-12-07 03:59:58
2194,587,4,2,3,,2025-12-07 03:59:58,2025-12-07 03:59:58
2195,588,1,1,,4,2025-12-07 03:59:58,2025-12-07 03:59:58
2196,588,2,1,,2,2025-12-07 03:59:58,2025-12-07 03:59:58
2197,588,3,1,,8,2025-12-07 03:59:58,2025-12-07 03:59:58
2198,588,4,2,,AV. PANAMERICANA,2025-12-07 03:59:58,2025-12-07 03:59:58
2199,589,1,1,,5,2025-12-07 03:59:58,2025-12-07 03:59:58
2200,589,2,1,,3,2025-12-07 03:59:58,2025-12-07 03:59:58
2201,589,3,1,,7,2025-12-07 03:59:58,2025-12-07 03:59:58
2202,589,4,2,3,,2025-12-07 03:59:58,2025-12-07 03:59:58
2203,590,1,2,21,,2025-12-07 03:59:58,2025-12-07 03:59:58
2204,590,2,1,,7,2025-12-07 03:59:58,2025-12-07 03:59:58
2205,590,3,2,5,,2025-12-07 03:59:58,2025-12-07 03:59:58
2206,590,4,1,,5,2025-12-07 03:59:58,2025-12-07 03:59:58
2207,591,1,1,,2,2025-12-07 03:59:58,2025-12-07 03:59:58
2208,591,2,2,18,,2025-12-07 03:59:58,2025-12-07 03:59:58
2209,591,3,1,,10,2025-12-07 03:59:58,2025-12-07 03:59:58
2210,591,4,2,5,,2025-12-07 03:59:58,2025-12-07 03:59:58
2211,592,1,1,,4,2025-12-07 03:59:58,2025-12-07 03:59:58
2212,592,2,1,,2,2025-12-07 03:59:58,2025-12-07 03:59:58
2213,592,3,1,,8,2025-12-07 03:59:58,2025-12-07 03:59:58
2214,592,4,2,5,,2025-12-07 03:59:58,2025-12-07 03:59:58
2215,593,1,1,,7,2025-12-07 03:59:58,2025-12-07 03:59:58
2216,593,2,1,,9,2025-12-07 03:59:58,2025-12-07 03:59:58
2217,593,3,2,14,,2025-12-07 03:59:58,2025-12-07 03:59:58
2218,593,4,1,,3,2025-12-07 03:59:58,2025-12-07 03:59:58
2219,594,1,1,,5,2025-12-07 03:59:58,2025-12-07 03:59:58
2220,594,2,1,,3,2025-12-07 03:59:58,2025-12-07 03:59:58
2221,594,3,1,,7,2025-12-07 03:59:58,2025-12-07 03:59:58
2222,594,4,2,5,,2025-12-07 03:59:58,2025-12-07 03:59:58
2223,595,1,2,21,,2025-12-07 03:59:58,2025-12-07 03:59:58
2224,595,2,1,,4,2025-12-07 03:59:58,2025-12-07 03:59:58
2225,595,3,1,,6,2025-12-07 03:59:58,2025-12-07 03:59:58
2226,595,4,2,5,,2025-12-07 03:59:58,2025-12-07 03:59:58
2227,596,1,1,,6,2025-12-07 03:59:58,2025-12-07 03:59:58
2228,596,2,1,,8,2025-12-07 03:59:58,2025-12-07 03:59:58
2229,596,3,2,14,,2025-12-07 03:59:58,2025-12-07 03:59:58
2230,596,4,1,,4,2025-12-07 03:59:58,2025-12-07 03:59:58
2231,597,1,2,21,,2025-12-07 03:59:58,2025-12-07 03:59:58
2232,597,2,1,,7,2025-12-07 03:59:58,2025-12-07 03:59:58
2233,597,3,2,14,,2025-12-07 03:59:58,2025-12-07 03:59:58
2234,597,4,1,,5,2025-12-07 03:59:58,2025-12-07 03:59:58
2235,598,1,2,,CALLE CHIJIMARKA,2025-12-07 03:59:58,2025-12-07 03:59:58
2236,598,2,1,,10,2025-12-07 03:59:58,2025-12-07 03:59:58
2237,598,3,1,,12,2025-12-07 03:59:58,2025-12-07 03:59:58
2238,598,4,2,,CALLE CHIJIMARKA,2025-12-07 03:59:58,2025-12-07 03:59:58
2239,598,4,2,1,,2025-12-07 03:59:58,2025-12-07 03:59:58
2240,599,1,1,,11,2025-12-07 03:59:58,2025-12-07 03:59:58
2241,599,2,1,,9,2025-12-07 03:59:58,2025-12-07 03:59:58
2242,599,3,1,,13,2025-12-07 03:59:58,2025-12-07 03:59:58
2243,599,4,2,1,,2025-12-07 03:59:58,2025-12-07 03:59:58
2244,600,1,1,,10,2025-12-07 03:59:58,2025-12-07 03:59:58
2245,600,2,1,,8,2025-12-07 03:59:58,2025-12-07 03:59:58
2246,600,3,1,,14,2025-12-07 03:59:58,2025-12-07 03:59:58
2247,600,4,2,1,,2025-12-07 03:59:58,2025-12-07 03:59:58
2248,601,1,1,,9,2025-12-07 03:59:58,2025-12-07 03:59:58
2249,601,2,1,,7,2025-12-07 03:59:58,2025-12-07 03:59:58
2250,601,3,1,,15,2025-12-07 03:59:58,2025-12-07 03:59:58
2251,601,3,6,,16,2025-12-07 03:59:58,2025-12-07 03:59:58
2252,601,4,2,1,,2025-12-07 03:59:58,2025-12-07 03:59:58
2253,602,1,1,,2,2025-12-07 03:59:58,2025-12-07 03:59:58
2254,602,2,2,2,,2025-12-07 03:59:58,2025-12-07 03:59:58
2255,602,3,1,,22,2025-12-07 03:59:58,2025-12-07 03:59:58
2256,602,4,2,1,,2025-12-07 03:59:58,2025-12-07 03:59:58
2257,603,1,1,,21,2025-12-07 03:59:58,2025-12-07 03:59:58
2258,603,2,2,2,,2025-12-07 03:59:58,2025-12-07 03:59:58
2259,603,3,2,10,,2025-12-07 03:59:58,2025-12-07 03:59:58
2260,603,4,1,,1,2025-12-07 03:59:58,2025-12-07 03:59:58
2261,604,1,1,,16,2025-12-07 03:59:58,2025-12-07 03:59:58
2262,604,2,1,,18,2025-12-07 03:59:58,2025-12-07 03:59:58
2263,604,3,2,10,,2025-12-07 03:59:58,2025-12-07 03:59:58
2264,604,4,1,,7,2025-12-07 03:59:58,2025-12-07 03:59:58
2265,605,1,2,,CALLE CHIJIMARKA,2025-12-07 03:59:58,2025-12-07 03:59:58
2266,605,2,1,,13,2025-12-07 03:59:58,2025-12-07 03:59:58
2267,605,3,2,10,,2025-12-07 03:59:58,2025-12-07 03:59:58
2268,605,4,1,,11,2025-12-07 03:59:58,2025-12-07 03:59:58
2269,606,1,1,,2,2025-12-07 03:59:58,2025-12-07 03:59:58
2270,606,2,2,20,,2025-12-07 03:59:58,2025-12-07 03:59:58
2271,606,2,2,1,,2025-12-07 03:59:58,2025-12-07 03:59:58
2272,606,3,1,,14,2025-12-07 03:59:58,2025-12-07 03:59:58
2273,606,4,2,1,,2025-12-07 03:59:58,2025-12-07 03:59:58
2274,607,1,1,,2,2025-12-07 03:59:58,2025-12-07 03:59:58
2275,607,2,2,20,,2025-12-07 03:59:58,2025-12-07 03:59:58
2276,607,3,1,,13,2025-12-07 03:59:58,2025-12-07 03:59:58
2277,607,4,1,,1,2025-12-07 03:59:58,2025-12-07 03:59:58
2278,608,1,1,,2,2025-12-07 03:59:58,2025-12-07 03:59:58
2279,608,2,2,20,,2025-12-07 03:59:58,2025-12-07 03:59:58
2280,608,3,1,,12,2025-12-07 03:59:58,2025-12-07 03:59:58
2281,608,4,1,,14,2025-12-07 03:59:58,2025-12-07 03:59:58
2282,610,1,1,,8,2025-12-07 03:59:58,2025-12-07 03:59:58
2283,610,2,1,,10,2025-12-07 03:59:58,2025-12-07 03:59:58
2284,610,3,2,10,,2025-12-07 03:59:58,2025-12-07 03:59:58
2285,610,4,1,,4,2025-12-07 03:59:58,2025-12-07 03:59:58
2286,611,1,2,20,,2025-12-07 03:59:58,2025-12-07 03:59:58
2287,611,2,1,,9,2025-12-07 03:59:58,2025-12-07 03:59:58
2288,611,3,1,,12,2025-12-07 03:59:58,2025-12-07 03:59:58
2289,611,4,1,,10,2025-12-07 03:59:58,2025-12-07 03:59:58
2290,612,1,1,,18,2025-12-07 03:59:58,2025-12-07 03:59:58
2291,612,2,1,,20,2025-12-07 03:59:58,2025-12-07 03:59:58
2292,612,3,2,10,,2025-12-07 03:59:58,2025-12-07 03:59:58
2293,612,4,1,,6,2025-12-07 03:59:58,2025-12-07 03:59:58
2294,613,1,1,,17,2025-12-07 03:59:58,2025-12-07 03:59:58
2295,613,2,1,,19,2025-12-07 03:59:58,2025-12-07 03:59:58
2296,613,3,2,10,,2025-12-07 03:59:58,2025-12-07 03:59:58
2297,613,4,1,,6,2025-12-07 03:59:58,2025-12-07 03:59:58
2298,614,1,1,,19,2025-12-07 03:59:58,2025-12-07 03:59:58
2299,614,2,1,,21,2025-12-07 03:59:58,2025-12-07 03:59:58
2300,614,3,2,10,,2025-12-07 03:59:58,2025-12-07 03:59:58
2301,614,4,1,,5,2025-12-07 03:59:58,2025-12-07 03:59:58
2302,615,1,2,20,,2025-12-07 03:59:58,2025-12-07 03:59:58
2303,615,2,1,,12,2025-12-07 03:59:58,2025-12-07 03:59:58
2304,615,3,2,1,,2025-12-07 03:59:58,2025-12-07 03:59:58
2305,615,4,1,,10,2025-12-07 03:59:58,2025-12-07 03:59:58
2306,615,4,2,20,,2025-12-07 03:59:58,2025-12-07 03:59:58
2307,616,1,1,,11,2025-12-07 03:59:58,2025-12-07 03:59:58
2308,616,2,1,,13,2025-12-07 03:59:58,2025-12-07 03:59:58
2309,616,3,2,1,,2025-12-07 03:59:58,2025-12-07 03:59:58
2310,616,4,1,,9,2025-12-07 03:59:58,2025-12-07 03:59:58
2311,616,4,6,,10,2025-12-07 03:59:58,2025-12-07 03:59:58
2312,617,1,1,,12,2025-12-07 03:59:58,2025-12-07 03:59:58
2313,617,2,1,,14,2025-12-07 03:59:58,2025-12-07 03:59:58
2314,617,3,2,1,,2025-12-07 03:59:58,2025-12-07 03:59:58
2315,617,4,1,,9,2025-12-07 03:59:58,2025-12-07 03:59:58
2316,618,1,1,,13,2025-12-07 03:59:58,2025-12-07 03:59:58
2317,618,2,1,,15,2025-12-07 03:59:58,2025-12-07 03:59:58
2318,618,3,2,1,,2025-12-07 03:59:58,2025-12-07 03:59:58
2319,618,4,1,,8,2025-12-07 03:59:58,2025-12-07 03:59:58
2320,619,1,1,,14,2025-12-07 03:59:58,2025-12-07 03:59:58
2321,619,2,1,,16,2025-12-07 03:59:58,2025-12-07 03:59:58
2322,619,3,2,1,,2025-12-07 03:59:58,2025-12-07 03:59:58
2323,619,4,1,,7,2025-12-07 03:59:58,2025-12-07 03:59:58
2324,620,1,1,,15,2025-12-07 03:59:58,2025-12-07 03:59:58
2325,620,2,1,,17,2025-12-07 03:59:58,2025-12-07 03:59:58
2326,620,3,2,1,,2025-12-07 03:59:58,2025-12-07 03:59:58
2327,620,4,1,,6,2025-12-07 03:59:58,2025-12-07 03:59:58
2328,621,1,1,,2,2025-12-07 03:59:58,2025-12-07 03:59:58
2329,621,2,2,9,,2025-12-07 03:59:58,2025-12-07 03:59:58
2330,621,3,1,,22,2025-12-07 03:59:58,2025-12-07 03:59:58
2331,621,4,2,16,,2025-12-07 03:59:58,2025-12-07 03:59:58
2332,622,1,1,,3,2025-12-07 03:59:58,2025-12-07 03:59:58
2333,622,2,1,,1,2025-12-07 03:59:58,2025-12-07 03:59:58
2334,622,3,1,,20,2025-12-07 03:59:58,2025-12-07 03:59:58
2335,622,4,2,16,,2025-12-07 03:59:58,2025-12-07 03:59:58
2336,623,1,1,,4,2025-12-07 03:59:58,2025-12-07 03:59:58
2337,623,2,1,,2,2025-12-07 03:59:58,2025-12-07 03:59:58
2338,623,3,1,,19,2025-12-07 03:59:58,2025-12-07 03:59:58
2339,623,4,2,16,,2025-12-07 03:59:58,2025-12-07 03:59:58
2340,624,1,1,,5,2025-12-07 03:59:58,2025-12-07 03:59:58
2341,624,2,1,,3,2025-12-07 03:59:58,2025-12-07 03:59:58
2342,624,3,1,,18,2025-12-07 03:59:58,2025-12-07 03:59:58
2343,624,4,2,,AV. TUPAC KATARI,2025-12-07 03:59:58,2025-12-07 03:59:58
2344,626,1,1,,7,2025-12-07 03:59:58,2025-12-07 03:59:58
2345,626,2,1,,5,2025-12-07 03:59:58,2025-12-07 03:59:58
2346,626,3,1,,16,2025-12-07 03:59:58,2025-12-07 03:59:58
2347,626,4,2,,AV. TUPAC KATARI,2025-12-07 03:59:58,2025-12-07 03:59:58
2348,627,1,1,,8,2025-12-07 03:59:58,2025-12-07 03:59:58
2349,627,2,1,,6,2025-12-07 03:59:58,2025-12-07 03:59:58
2350,627,3,1,,15,2025-12-07 03:59:58,2025-12-07 03:59:58
2351,627,4,2,,AV. TUPAC KATARI,2025-12-07 03:59:58,2025-12-07 03:59:58
2352,628,1,1,,9,2025-12-07 03:59:58,2025-12-07 03:59:58
2353,628,2,1,,7,2025-12-07 03:59:58,2025-12-07 03:59:58
2354,628,3,1,,14,2025-12-07 03:59:58,2025-12-07 03:59:58
2355,628,4,2,,AV. TUPAC KATARI,2025-12-07 03:59:58,2025-12-07 03:59:58
2356,629,1,1,,10,2025-12-07 03:59:58,2025-12-07 03:59:58
2357,629,2,1,,8,2025-12-07 03:59:58,2025-12-07 03:59:58
2358,629,3,1,,12,2025-12-07 03:59:58,2025-12-07 03:59:58
2359,629,3,6,,13,2025-12-07 03:59:58,2025-12-07 03:59:58
2360,629,4,2,,AV. TUPAC KATARI,2025-12-07 03:59:58,2025-12-07 03:59:58
2361,630,1,2,20,,2025-12-07 03:59:58,2025-12-07 03:59:58
2362,630,2,1,,9,2025-12-07 03:59:58,2025-12-07 03:59:58
2363,630,3,1,,11,2025-12-07 03:59:58,2025-12-07 03:59:58
2364,630,4,2,,AV. TUPAC KATARI,2025-12-07 03:59:58,2025-12-07 03:59:58
2365,631,1,2,9,,2025-12-07 03:59:58,2025-12-07 03:59:58
2366,631,2,1,,14,2025-12-07 03:59:58,2025-12-07 03:59:58
2367,631,3,2,1,,2025-12-07 03:59:58,2025-12-07 03:59:58
2368,631,4,1,,12,2025-12-07 03:59:58,2025-12-07 03:59:58
2369,631,4,2,9,,2025-12-07 03:59:58,2025-12-07 03:59:58
2370,632,1,1,,13,2025-12-07 03:59:58,2025-12-07 03:59:58
2371,632,2,1,,15,2025-12-07 03:59:58,2025-12-07 03:59:58
2372,632,3,2,1,,2025-12-07 03:59:58,2025-12-07 03:59:58
2373,632,4,1,,10,2025-12-07 03:59:58,2025-12-07 03:59:58
2374,632,4,6,,11,2025-12-07 03:59:58,2025-12-07 03:59:58
2375,633,1,1,,14,2025-12-07 03:59:58,2025-12-07 03:59:58
2376,633,2,1,,16,2025-12-07 03:59:58,2025-12-07 03:59:58
2377,633,3,2,1,,2025-12-07 03:59:58,2025-12-07 03:59:58
2378,633,4,1,,9,2025-12-07 03:59:58,2025-12-07 03:59:58
2379,634,1,1,,17,2025-12-07 03:59:59,2025-12-07 03:59:59
2380,634,2,1,,19,2025-12-07 03:59:59,2025-12-07 03:59:59
2381,634,3,2,1,,2025-12-07 03:59:59,2025-12-07 03:59:59
2382,634,4,1,,7,2025-12-07 03:59:59,2025-12-07 03:59:59
2383,635,1,1,,18,2025-12-07 03:59:59,2025-12-07 03:59:59
2384,635,2,1,,20,2025-12-07 03:59:59,2025-12-07 03:59:59
2385,635,3,2,1,,2025-12-07 03:59:59,2025-12-07 03:59:59
2386,635,4,1,,5,2025-12-07 03:59:59,2025-12-07 03:59:59
2387,635,4,6,,6,2025-12-07 03:59:59,2025-12-07 03:59:59
2388,637,1,1,,21,2025-12-07 03:59:59,2025-12-07 03:59:59
2389,637,2,1,,23,2025-12-07 03:59:59,2025-12-07 03:59:59
2390,637,3,2,1,,2025-12-07 03:59:59,2025-12-07 03:59:59
2391,637,4,1,,3,2025-12-07 03:59:59,2025-12-07 03:59:59
2392,638,1,1,,23,2025-12-07 03:59:59,2025-12-07 03:59:59
2393,638,2,2,11,,2025-12-07 03:59:59,2025-12-07 03:59:59
2394,638,3,2,1,,2025-12-07 03:59:59,2025-12-07 03:59:59
2395,638,4,1,,1,2025-12-07 03:59:59,2025-12-07 03:59:59
2396,639,1,1,,2,2025-12-07 03:59:59,2025-12-07 03:59:59
2397,639,2,2,11,,2025-12-07 03:59:59,2025-12-07 03:59:59
2398,639,3,1,,24,2025-12-07 03:59:59,2025-12-07 03:59:59
2399,639,4,2,,AV. TUPAC KATARI,2025-12-07 03:59:59,2025-12-07 03:59:59
2400,640,1,1,,10,2025-12-07 03:59:59,2025-12-07 03:59:59
2401,640,2,1,,8,2025-12-07 03:59:59,2025-12-07 03:59:59
2402,640,3,1,,15,2025-12-07 03:59:59,2025-12-07 03:59:59
2403,640,4,2,16,,2025-12-07 03:59:59,2025-12-07 03:59:59
2404,641,1,1,,12,2025-12-07 03:59:59,2025-12-07 03:59:59
2405,641,2,1,,10,2025-12-07 03:59:59,2025-12-07 03:59:59
2406,641,3,1,,14,2025-12-07 03:59:59,2025-12-07 03:59:59
2407,641,4,2,16,,2025-12-07 03:59:59,2025-12-07 03:59:59
2408,642,1,2,9,,2025-12-07 03:59:59,2025-12-07 03:59:59
2409,642,2,1,,11,2025-12-07 03:59:59,2025-12-07 03:59:59
2410,642,3,1,,13,2025-12-07 03:59:59,2025-12-07 03:59:59
2411,642,4,2,,AV. TUPAC KATARI,2025-12-07 03:59:59,2025-12-07 03:59:59
2412,643,1,2,9,,2025-12-07 03:59:59,2025-12-07 03:59:59
2413,643,2,1,,14,2025-12-07 03:59:59,2025-12-07 03:59:59
2414,643,3,2,10,,2025-12-07 03:59:59,2025-12-07 03:59:59
2415,643,4,1,,12,2025-12-07 03:59:59,2025-12-07 03:59:59
2416,644,1,1,,13,2025-12-07 03:59:59,2025-12-07 03:59:59
2417,644,2,1,,15,2025-12-07 03:59:59,2025-12-07 03:59:59
2418,644,3,2,10,,2025-12-07 03:59:59,2025-12-07 03:59:59
2419,644,4,1,,10,2025-12-07 03:59:59,2025-12-07 03:59:59
2420,645,1,1,,9,2025-12-07 03:59:59,2025-12-07 03:59:59
2421,645,2,1,,7,2025-12-07 03:59:59,2025-12-07 03:59:59
2422,645,3,1,,15,2025-12-07 03:59:59,2025-12-07 03:59:59
2423,645,4,2,10,,2025-12-07 03:59:59,2025-12-07 03:59:59
2424,646,1,1,,10,2025-12-07 03:59:59,2025-12-07 03:59:59
2425,646,2,1,,8,2025-12-07 03:59:59,2025-12-07 03:59:59
2426,646,3,1,,14,2025-12-07 03:59:59,2025-12-07 03:59:59
2427,646,3,6,,15,2025-12-07 03:59:59,2025-12-07 03:59:59
2428,646,4,2,10,,2025-12-07 03:59:59,2025-12-07 03:59:59
2429,647,1,2,9,,2025-12-07 03:59:59,2025-12-07 03:59:59
2430,647,2,1,,10,2025-12-07 03:59:59,2025-12-07 03:59:59
2431,647,3,1,,12,2025-12-07 03:59:59,2025-12-07 03:59:59
2432,647,4,2,10,,2025-12-07 03:59:59,2025-12-07 03:59:59
2433,648,1,2,9,,2025-12-07 03:59:59,2025-12-07 03:59:59
2434,648,1,2,3,,2025-12-07 03:59:59,2025-12-07 03:59:59
2435,648,2,1,,13,2025-12-07 03:59:59,2025-12-07 03:59:59
2436,648,3,2,3,,2025-12-07 03:59:59,2025-12-07 03:59:59
2437,648,4,1,,11,2025-12-07 03:59:59,2025-12-07 03:59:59
2438,649,1,2,,CALLE CORO CORO,2025-12-07 03:59:59,2025-12-07 03:59:59
2439,649,2,2,,CALLE S/N.,2025-12-07 03:59:59,2025-12-07 03:59:59
2440,649,3,1,,3,2025-12-07 03:59:59,2025-12-07 03:59:59
2441,649,4,1,,1,2025-12-07 03:59:59,2025-12-07 03:59:59
2442,650,1,2,11,,2025-12-07 03:59:59,2025-12-07 03:59:59
2443,650,2,2,,CALLE S/N.,2025-12-07 03:59:59,2025-12-07 03:59:59
2444,650,3,1,,18,2025-12-07 03:59:59,2025-12-07 03:59:59
2445,650,4,1,,16,2025-12-07 03:59:59,2025-12-07 03:59:59
2446,651,1,2,,CALLE CORO CORO,2025-12-07 03:59:59,2025-12-07 03:59:59
2447,651,2,2,,CALLE S/N.,2025-12-07 03:59:59,2025-12-07 03:59:59
2448,651,3,1,,15,2025-12-07 03:59:59,2025-12-07 03:59:59
2449,651,4,1,,13,2025-12-07 03:59:59,2025-12-07 03:59:59
2450,652,1,2,11,,2025-12-07 03:59:59,2025-12-07 03:59:59
2451,652,2,2,8,,2025-12-07 03:59:59,2025-12-07 03:59:59
2452,652,3,1,,16,2025-12-07 03:59:59,2025-12-07 03:59:59
2453,652,4,1,,14,2025-12-07 03:59:59,2025-12-07 03:59:59
2454,653,1,1,,11,2025-12-07 03:59:59,2025-12-07 03:59:59
2455,653,2,2,11,,2025-12-07 03:59:59,2025-12-07 03:59:59
2456,653,3,1,,9,2025-12-07 03:59:59,2025-12-07 03:59:59
2457,653,4,2,15,,2025-12-07 03:59:59,2025-12-07 03:59:59
2458,654,1,2,2,,2025-12-07 03:59:59,2025-12-07 03:59:59
2459,654,2,1,,7,2025-12-07 03:59:59,2025-12-07 03:59:59
2460,654,3,1,,9,2025-12-07 03:59:59,2025-12-07 03:59:59
2461,654,4,2,,AV. TUPAC KATARI,2025-12-07 03:59:59,2025-12-07 03:59:59
2462,655,1,5,,RIO,2025-12-07 03:59:59,2025-12-07 03:59:59
2463,655,2,6,,CAMINO COMUNAL TOLAR - QUILLCOMA LLUJTURI,2025-12-07 03:59:59,2025-12-07 03:59:59
2464,655,3,1,,2,2025-12-07 03:59:59,2025-12-07 03:59:59
2465,655,4,2,8,,2025-12-07 03:59:59,2025-12-07 03:59:59
2466,656,1,5,,RIO SIN NOMBRE,2025-12-07 03:59:59,2025-12-07 03:59:59
2467,656,2,6,,CAMINO COMUNAL TOLAR - QUILLCOMA LLUJTURI,2025-12-07 03:59:59,2025-12-07 03:59:59
2468,656,3,1,,3,2025-12-07 03:59:59,2025-12-07 03:59:59
2469,656,4,1,,1,2025-12-07 03:59:59,2025-12-07 03:59:59
2470,657,1,1,,8,2025-12-07 03:59:59,2025-12-07 03:59:59
2471,657,1,2,,CALLE  9 DE ENERO,2025-12-07 03:59:59,2025-12-07 03:59:59
2472,657,2,2,20,,2025-12-07 03:59:59,2025-12-07 03:59:59
2473,657,3,6,,C/ 9 DE ENERO,2025-12-07 03:59:59,2025-12-07 03:59:59
2474,657,3,2,20,,2025-12-07 03:59:59,2025-12-07 03:59:59
2475,657,4,1,,1,2025-12-07 03:59:59,2025-12-07 03:59:59
2476,657,4,6,,2,2025-12-07 03:59:59,2025-12-07 03:59:59
2477,659,1,1,,5,2025-12-07 03:59:59,2025-12-07 03:59:59
2478,659,2,1,,3,2025-12-07 03:59:59,2025-12-07 03:59:59
2479,659,2,2,5,,2025-12-07 03:59:59,2025-12-07 03:59:59
2480,659,3,1,,7,2025-12-07 03:59:59,2025-12-07 03:59:59
2481,659,4,2,5,,2025-12-07 03:59:59,2025-12-07 03:59:59
2482,660,1,1,,6,2025-12-07 03:59:59,2025-12-07 03:59:59
2483,660,2,1,,4,2025-12-07 03:59:59,2025-12-07 03:59:59
2484,660,2,2,5,,2025-12-07 03:59:59,2025-12-07 03:59:59
2485,660,3,1,,7,2025-12-07 03:59:59,2025-12-07 03:59:59
2486,660,4,1,,6,2025-12-07 03:59:59,2025-12-07 03:59:59
2487,660,4,2,5,,2025-12-07 03:59:59,2025-12-07 03:59:59
2488,661,1,1,,2,2025-12-07 03:59:59,2025-12-07 03:59:59
2489,661,1,6,,15,2025-12-07 03:59:59,2025-12-07 03:59:59
2490,661,2,2,12,,2025-12-07 03:59:59,2025-12-07 03:59:59
2491,661,3,2,1,,2025-12-07 03:59:59,2025-12-07 03:59:59
2492,661,4,2,,AV. TUPAC KATARI,2025-12-07 03:59:59,2025-12-07 03:59:59
2493,662,1,1,,5,2025-12-07 03:59:59,2025-12-07 03:59:59
2494,662,2,1,,3,2025-12-07 03:59:59,2025-12-07 03:59:59
2495,662,3,1,,22,2025-12-07 03:59:59,2025-12-07 03:59:59
2496,662,4,2,3,,2025-12-07 03:59:59,2025-12-07 03:59:59
2497,663,1,1,,6,2025-12-07 03:59:59,2025-12-07 03:59:59
2498,663,2,1,,4,2025-12-07 03:59:59,2025-12-07 03:59:59
2499,663,3,1,,21,2025-12-07 03:59:59,2025-12-07 03:59:59
2500,663,3,6,,22,2025-12-07 03:59:59,2025-12-07 03:59:59
2501,663,4,2,3,,2025-12-07 03:59:59,2025-12-07 03:59:59
2502,664,1,1,,7,2025-12-07 03:59:59,2025-12-07 03:59:59
2503,664,2,1,,5,2025-12-07 03:59:59,2025-12-07 03:59:59
2504,664,3,1,,21,2025-12-07 03:59:59,2025-12-07 03:59:59
2505,664,4,2,3,,2025-12-07 03:59:59,2025-12-07 03:59:59
2506,665,1,1,,15,2025-12-07 03:59:59,2025-12-07 03:59:59
2507,665,2,1,,17,2025-12-07 03:59:59,2025-12-07 03:59:59
2508,665,3,2,,AV. BARTOLINA SISA,2025-12-07 03:59:59,2025-12-07 03:59:59
2509,665,4,1,,5,2025-12-07 03:59:59,2025-12-07 03:59:59
2510,666,1,1,,8,2025-12-07 03:59:59,2025-12-07 03:59:59
2511,666,2,1,,6,2025-12-07 03:59:59,2025-12-07 03:59:59
2512,666,3,1,,19,2025-12-07 03:59:59,2025-12-07 03:59:59
2513,666,3,6,,20,2025-12-07 03:59:59,2025-12-07 03:59:59
2514,666,4,2,3,,2025-12-07 03:59:59,2025-12-07 03:59:59
2515,667,1,1,,9,2025-12-07 03:59:59,2025-12-07 03:59:59
2516,667,2,1,,7,2025-12-07 03:59:59,2025-12-07 03:59:59
2517,667,3,1,,18,2025-12-07 03:59:59,2025-12-07 03:59:59
2518,667,3,6,,19,2025-12-07 03:59:59,2025-12-07 03:59:59
2519,667,4,2,3,,2025-12-07 03:59:59,2025-12-07 03:59:59
2520,669,1,1,,11,2025-12-07 03:59:59,2025-12-07 03:59:59
2521,669,2,1,,9,2025-12-07 03:59:59,2025-12-07 03:59:59
2522,669,3,1,,17,2025-12-07 03:59:59,2025-12-07 03:59:59
2523,669,4,2,3,,2025-12-07 03:59:59,2025-12-07 03:59:59
2524,670,1,1,,12,2025-12-07 03:59:59,2025-12-07 03:59:59
2525,670,2,1,,10,2025-12-07 03:59:59,2025-12-07 03:59:59
2526,670,3,1,,17,2025-12-07 03:59:59,2025-12-07 03:59:59
2527,670,4,2,3,,2025-12-07 03:59:59,2025-12-07 03:59:59
2528,673,1,1,,4,2025-12-07 03:59:59,2025-12-07 03:59:59
2529,673,2,1,,2,2025-12-07 03:59:59,2025-12-07 03:59:59
2530,673,3,1,,10,2025-12-07 03:59:59,2025-12-07 03:59:59
2531,673,4,2,1,,2025-12-07 03:59:59,2025-12-07 03:59:59
2532,674,1,1,,3,2025-12-07 03:59:59,2025-12-07 03:59:59
2533,674,2,1,,1,2025-12-07 03:59:59,2025-12-07 03:59:59
2534,674,2,6,,14,2025-12-07 03:59:59,2025-12-07 03:59:59
2535,674,3,1,,11,2025-12-07 03:59:59,2025-12-07 03:59:59
2536,674,4,2,1,,2025-12-07 03:59:59,2025-12-07 03:59:59
2537,675,1,1,,3,2025-12-07 03:59:59,2025-12-07 03:59:59
2538,675,2,1,,1,2025-12-07 03:59:59,2025-12-07 03:59:59
2539,675,3,1,,23,2025-12-07 03:59:59,2025-12-07 03:59:59
2540,675,4,2,16,,2025-12-07 03:59:59,2025-12-07 03:59:59
2541,676,1,1,,18,2025-12-07 03:59:59,2025-12-07 03:59:59
2542,676,2,1,,20,2025-12-07 03:59:59,2025-12-07 03:59:59
2543,676,3,2,13,,2025-12-07 03:59:59,2025-12-07 03:59:59
2544,676,4,1,,2,2025-12-07 03:59:59,2025-12-07 03:59:59
2545,677,1,1,,10,2025-12-07 03:59:59,2025-12-07 03:59:59
2546,677,2,1,,8,2025-12-07 03:59:59,2025-12-07 03:59:59
2547,677,3,1,,16,2025-12-07 03:59:59,2025-12-07 03:59:59
2548,677,4,2,5,,2025-12-07 03:59:59,2025-12-07 03:59:59
2549,678,1,1,,3,2025-12-07 03:59:59,2025-12-07 03:59:59
2550,678,2,1,,1,2025-12-07 03:59:59,2025-12-07 03:59:59
2551,678,3,1,,24,2025-12-07 03:59:59,2025-12-07 03:59:59
2552,678,4,2,5,,2025-12-07 03:59:59,2025-12-07 03:59:59
2553,679,1,1,,11,2025-12-07 03:59:59,2025-12-07 03:59:59
2554,679,2,2,20,,2025-12-07 03:59:59,2025-12-07 03:59:59
2555,679,3,2,13,,2025-12-07 03:59:59,2025-12-07 03:59:59
2556,679,4,1,,1,2025-12-07 03:59:59,2025-12-07 03:59:59
2557,680,1,1,,6,2025-12-07 03:59:59,2025-12-07 03:59:59
2558,680,2,1,,4,2025-12-07 03:59:59,2025-12-07 03:59:59
2559,680,3,1,,19,2025-12-07 03:59:59,2025-12-07 03:59:59
2560,680,4,2,,AV. PANAMERICANA,2025-12-07 03:59:59,2025-12-07 03:59:59
2561,681,1,1,,18,2025-12-07 03:59:59,2025-12-07 03:59:59
2562,681,2,1,,20,2025-12-07 03:59:59,2025-12-07 03:59:59
2563,681,3,2,5,,2025-12-07 03:59:59,2025-12-07 03:59:59
2564,681,4,1,,5,2025-12-07 03:59:59,2025-12-07 03:59:59
2565,681,4,6,,6,2025-12-07 03:59:59,2025-12-07 03:59:59
2566,682,1,1,,17,2025-12-07 03:59:59,2025-12-07 03:59:59
2567,682,2,1,,19,2025-12-07 03:59:59,2025-12-07 03:59:59
2568,682,3,2,5,,2025-12-07 03:59:59,2025-12-07 03:59:59
2569,682,4,1,,6,2025-12-07 03:59:59,2025-12-07 03:59:59
2570,683,1,1,,4,2025-12-07 03:59:59,2025-12-07 03:59:59
2571,683,2,1,,2,2025-12-07 03:59:59,2025-12-07 03:59:59
2572,683,3,1,,21,2025-12-07 03:59:59,2025-12-07 03:59:59
2573,683,4,2,,AVENIDA  PANAMERICANA,2025-12-07 03:59:59,2025-12-07 03:59:59
2574,684,1,1,,20,2025-12-07 03:59:59,2025-12-07 03:59:59
2575,684,2,1,,22,2025-12-07 03:59:59,2025-12-07 03:59:59
2576,684,3,2,5,,2025-12-07 03:59:59,2025-12-07 03:59:59
2577,684,4,1,,4,2025-12-07 03:59:59,2025-12-07 03:59:59
2578,685,1,1,,19,2025-12-07 03:59:59,2025-12-07 03:59:59
2579,685,2,1,,21,2025-12-07 03:59:59,2025-12-07 03:59:59
2580,685,3,2,5,,2025-12-07 03:59:59,2025-12-07 03:59:59
2581,685,4,1,,4,2025-12-07 03:59:59,2025-12-07 03:59:59
2582,686,1,1,,5,2025-12-07 03:59:59,2025-12-07 03:59:59
2583,686,2,1,,3,2025-12-07 03:59:59,2025-12-07 03:59:59
2584,686,3,1,,20,2025-12-07 03:59:59,2025-12-07 03:59:59
2585,686,4,2,,AV. PANAMERICANA,2025-12-07 03:59:59,2025-12-07 03:59:59
2586,687,1,1,,12,2025-12-07 03:59:59,2025-12-07 03:59:59
2587,687,2,1,,10,2025-12-07 03:59:59,2025-12-07 03:59:59
2588,687,3,1,,14,2025-12-07 03:59:59,2025-12-07 03:59:59
2589,687,4,2,3,,2025-12-07 03:59:59,2025-12-07 03:59:59
2590,688,1,1,,13,2025-12-07 03:59:59,2025-12-07 03:59:59
2591,688,2,1,,15,2025-12-07 03:59:59,2025-12-07 03:59:59
2592,688,3,2,5,,2025-12-07 03:59:59,2025-12-07 03:59:59
2593,688,4,1,,11,2025-12-07 03:59:59,2025-12-07 03:59:59
2594,689,1,2,18,,2025-12-07 03:59:59,2025-12-07 03:59:59
2595,689,2,1,,11,2025-12-07 03:59:59,2025-12-07 03:59:59
2596,689,3,1,,13,2025-12-07 03:59:59,2025-12-07 03:59:59
2597,689,4,2,3,,2025-12-07 03:59:59,2025-12-07 03:59:59
2598,690,1,1,,11,2025-12-07 03:59:59,2025-12-07 03:59:59
2599,690,2,1,,9,2025-12-07 03:59:59,2025-12-07 03:59:59
2600,690,3,1,,15,2025-12-07 03:59:59,2025-12-07 03:59:59
2601,690,4,2,,AV. PANAMERICANA,2025-12-07 03:59:59,2025-12-07 03:59:59
2602,691,1,1,,14,2025-12-07 03:59:59,2025-12-07 03:59:59
2603,691,2,1,,16,2025-12-07 03:59:59,2025-12-07 03:59:59
2604,691,3,2,5,,2025-12-07 03:59:59,2025-12-07 03:59:59
2605,691,4,1,,10,2025-12-07 03:59:59,2025-12-07 03:59:59
2606,692,1,2,18,,2025-12-07 03:59:59,2025-12-07 03:59:59
2607,692,2,1,,14,2025-12-07 03:59:59,2025-12-07 03:59:59
2608,692,3,2,5,,2025-12-07 03:59:59,2025-12-07 03:59:59
2609,692,4,1,,12,2025-12-07 03:59:59,2025-12-07 03:59:59
2610,692,4,2,18,,2025-12-07 03:59:59,2025-12-07 03:59:59
2611,694,1,1,,7,2025-12-07 03:59:59,2025-12-07 03:59:59
2612,694,2,1,,5,2025-12-07 03:59:59,2025-12-07 03:59:59
2613,694,3,1,,18,2025-12-07 03:59:59,2025-12-07 03:59:59
2614,694,4,2,,AV. PANAMERICANA,2025-12-07 03:59:59,2025-12-07 03:59:59
2615,695,1,1,,16,2025-12-07 03:59:59,2025-12-07 03:59:59
2616,695,2,1,,18,2025-12-07 03:59:59,2025-12-07 03:59:59
2617,695,3,2,5,,2025-12-07 03:59:59,2025-12-07 03:59:59
2618,695,4,1,,7,2025-12-07 03:59:59,2025-12-07 03:59:59
2619,696,1,1,,17,2025-12-07 03:59:59,2025-12-07 03:59:59
2620,696,2,1,,19,2025-12-07 03:59:59,2025-12-07 03:59:59
2621,696,3,2,13,,2025-12-07 03:59:59,2025-12-07 03:59:59
2622,696,4,1,,6,2025-12-07 03:59:59,2025-12-07 03:59:59
2623,699,1,2,2,,2025-12-07 03:59:59,2025-12-07 03:59:59
2624,699,2,1,,7,2025-12-07 03:59:59,2025-12-07 03:59:59
2625,699,3,1,,5,2025-12-07 03:59:59,2025-12-07 03:59:59
2626,699,4,1,,3,2025-12-07 03:59:59,2025-12-07 03:59:59
2627,700,1,2,2,,2025-12-07 03:59:59,2025-12-07 03:59:59
2628,700,2,1,,6,2025-12-07 03:59:59,2025-12-07 03:59:59
2629,700,3,2,,AV. TUPAC KATARI,2025-12-07 03:59:59,2025-12-07 03:59:59
2630,700,4,1,,4,2025-12-07 03:59:59,2025-12-07 03:59:59
2631,701,1,1,,5,2025-12-07 03:59:59,2025-12-07 03:59:59
2632,701,2,2,17,,2025-12-07 03:59:59,2025-12-07 03:59:59
2633,701,3,1,,6,2025-12-07 03:59:59,2025-12-07 03:59:59
2634,701,4,1,,7,2025-12-07 03:59:59,2025-12-07 03:59:59
2635,702,1,1,,4,2025-12-07 03:59:59,2025-12-07 03:59:59
2636,702,2,2,17,,2025-12-07 03:59:59,2025-12-07 03:59:59
2637,702,3,1,,6,2025-12-07 03:59:59,2025-12-07 03:59:59
2638,702,4,1,,1,2025-12-07 03:59:59,2025-12-07 03:59:59
2639,702,4,6,,2,2025-12-07 03:59:59,2025-12-07 03:59:59
2640,703,1,2,,CALLE CORO CORO,2025-12-07 03:59:59,2025-12-07 03:59:59
2641,703,2,2,,CALLE S/N.,2025-12-07 03:59:59,2025-12-07 03:59:59
2642,703,3,1,,13,2025-12-07 03:59:59,2025-12-07 03:59:59
2643,703,4,1,,11,2025-12-07 03:59:59,2025-12-07 03:59:59
2644,704,1,2,,CALLE CORO CORO,2025-12-07 03:59:59,2025-12-07 03:59:59
2645,704,2,2,,CALLE S/N.,2025-12-07 03:59:59,2025-12-07 03:59:59
2646,704,3,1,,14,2025-12-07 03:59:59,2025-12-07 03:59:59
2647,704,4,1,,12,2025-12-07 03:59:59,2025-12-07 03:59:59
2648,705,1,2,,CALLE CORO CORO,2025-12-07 03:59:59,2025-12-07 03:59:59
2649,705,2,2,8,,2025-12-07 03:59:59,2025-12-07 03:59:59
2650,705,3,1,,11,2025-12-07 03:59:59,2025-12-07 03:59:59
2651,705,4,1,,9,2025-12-07 03:59:59,2025-12-07 03:59:59
2652,706,1,2,,CALLE CORO CORO,2025-12-07 03:59:59,2025-12-07 03:59:59
2653,706,2,2,,CALLE S/N.,2025-12-07 03:59:59,2025-12-07 03:59:59
2654,706,3,1,,10,2025-12-07 03:59:59,2025-12-07 03:59:59
2655,706,4,1,,8,2025-12-07 03:59:59,2025-12-07 03:59:59
2656,707,1,2,,CALLE CORO CORO,2025-12-07 03:59:59,2025-12-07 03:59:59
2657,707,2,2,8,,2025-12-07 03:59:59,2025-12-07 03:59:59
2658,707,3,1,,11,2025-12-07 03:59:59,2025-12-07 03:59:59
2659,707,4,1,,9,2025-12-07 03:59:59,2025-12-07 03:59:59
2660,201,1,1,,3,2025-12-07 03:59:59,2025-12-07 03:59:59
2661,201,2,1,,1,2025-12-07 03:59:59,2025-12-07 03:59:59
2662,201,3,1,,24,2025-12-07 03:59:59,2025-12-07 03:59:59
2663,201,3,6,,25,2025-12-07 03:59:59,2025-12-07 03:59:59
2664,201,4,2,1,,2025-12-07 03:59:59,2025-12-07 03:59:59
2665,708,1,2,11,,2025-12-07 03:59:59,2025-12-07 03:59:59
2666,708,2,2,,CALLE S/N.,2025-12-07 03:59:59,2025-12-07 03:59:59
2667,708,3,1,,10,2025-12-07 03:59:59,2025-12-07 03:59:59
2668,708,4,1,,8,2025-12-07 03:59:59,2025-12-07 03:59:59
2669,709,1,2,11,,2025-12-07 03:59:59,2025-12-07 03:59:59
2670,709,2,2,,CALLE S/N.,2025-12-07 03:59:59,2025-12-07 03:59:59
2671,709,3,1,,7,2025-12-07 03:59:59,2025-12-07 03:59:59
2672,709,4,1,,5,2025-12-07 03:59:59,2025-12-07 03:59:59
2673,710,1,2,,CALLE CORO CORO,2025-12-07 03:59:59,2025-12-07 03:59:59
2674,710,2,2,8,,2025-12-07 03:59:59,2025-12-07 03:59:59
2675,710,3,1,,8,2025-12-07 03:59:59,2025-12-07 03:59:59
2676,710,4,1,,6,2025-12-07 03:59:59,2025-12-07 03:59:59
2677,711,1,2,,CALLE CORO CORO,2025-12-07 03:59:59,2025-12-07 03:59:59
2678,711,2,2,,CALLE S/N.,2025-12-07 03:59:59,2025-12-07 03:59:59
2679,711,3,1,,5,2025-12-07 03:59:59,2025-12-07 03:59:59
2680,711,4,1,,3,2025-12-07 03:59:59,2025-12-07 03:59:59
2681,712,1,2,,CALLE CORO CORO,2025-12-07 03:59:59,2025-12-07 03:59:59
2682,712,2,2,,CALLE S/N.,2025-12-07 03:59:59,2025-12-07 03:59:59
2683,712,3,1,,8,2025-12-07 03:59:59,2025-12-07 03:59:59
2684,712,4,1,,4,2025-12-07 03:59:59,2025-12-07 03:59:59
2685,715,1,1,,11,2025-12-07 03:59:59,2025-12-07 03:59:59
2686,715,2,2,11,,2025-12-07 03:59:59,2025-12-07 03:59:59
2687,715,3,1,,6,2025-12-07 03:59:59,2025-12-07 03:59:59
2688,715,4,1,,8,2025-12-07 03:59:59,2025-12-07 03:59:59
2689,716,1,1,,11,2025-12-07 03:59:59,2025-12-07 03:59:59
2690,716,2,2,11,,2025-12-07 03:59:59,2025-12-07 03:59:59
2691,716,3,1,,5,2025-12-07 03:59:59,2025-12-07 03:59:59
2692,716,4,1,,7,2025-12-07 03:59:59,2025-12-07 03:59:59
2693,717,1,1,,11,2025-12-07 03:59:59,2025-12-07 03:59:59
2694,717,2,2,11,,2025-12-07 03:59:59,2025-12-07 03:59:59
2695,717,3,1,,4,2025-12-07 03:59:59,2025-12-07 03:59:59
2696,717,4,1,,6,2025-12-07 03:59:59,2025-12-07 03:59:59
2697,719,1,1,,11,2025-12-07 03:59:59,2025-12-07 03:59:59
2698,719,2,2,11,,2025-12-07 03:59:59,2025-12-07 03:59:59
2699,719,3,1,,3,2025-12-07 03:59:59,2025-12-07 03:59:59
2700,719,4,1,,5,2025-12-07 03:59:59,2025-12-07 03:59:59
2701,720,1,1,,11,2025-12-07 04:00:00,2025-12-07 04:00:00
2702,720,2,2,11,,2025-12-07 04:00:00,2025-12-07 04:00:00
2703,720,3,1,,1,2025-12-07 04:00:00,2025-12-07 04:00:00
2704,720,4,1,,3,2025-12-07 04:00:00,2025-12-07 04:00:00
2705,721,1,1,,21,2025-12-07 04:00:00,2025-12-07 04:00:00
2706,721,2,2,11,,2025-12-07 04:00:00,2025-12-07 04:00:00
2707,721,3,1,,22,2025-12-07 04:00:00,2025-12-07 04:00:00
2708,721,4,1,,21,2025-12-07 04:00:00,2025-12-07 04:00:00
2709,722,1,1,,21,2025-12-07 04:00:00,2025-12-07 04:00:00
2710,722,2,2,11,,2025-12-07 04:00:00,2025-12-07 04:00:00
2711,722,3,2,10,,2025-12-07 04:00:00,2025-12-07 04:00:00
2712,722,4,1,,23,2025-12-07 04:00:00,2025-12-07 04:00:00
2713,723,1,1,,2,2025-12-07 04:00:00,2025-12-07 04:00:00
2714,723,2,2,11,,2025-12-07 04:00:00,2025-12-07 04:00:00
2715,723,3,1,,23,2025-12-07 04:00:00,2025-12-07 04:00:00
2716,723,4,2,1,,2025-12-07 04:00:00,2025-12-07 04:00:00
2717,724,1,1,,2,2025-12-07 04:00:00,2025-12-07 04:00:00
2718,724,2,2,11,,2025-12-07 04:00:00,2025-12-07 04:00:00
2719,724,3,1,,25,2025-12-07 04:00:00,2025-12-07 04:00:00
2720,724,4,2,5,,2025-12-07 04:00:00,2025-12-07 04:00:00
2721,726,1,1,,4,2025-12-07 04:00:00,2025-12-07 04:00:00
2722,726,2,1,,2,2025-12-07 04:00:00,2025-12-07 04:00:00
2723,726,3,2,5,,2025-12-07 04:00:00,2025-12-07 04:00:00
2724,726,4,2,3,,2025-12-07 04:00:00,2025-12-07 04:00:00
2725,728,1,1,,5,2025-12-07 04:00:00,2025-12-07 04:00:00
2726,728,2,1,,3,2025-12-07 04:00:00,2025-12-07 04:00:00
2727,728,3,1,,22,2025-12-07 04:00:00,2025-12-07 04:00:00
2728,728,4,2,1,,2025-12-07 04:00:00,2025-12-07 04:00:00
2729,730,1,2,2,,2025-12-07 04:00:00,2025-12-07 04:00:00
2730,730,2,1,,11,2025-12-07 04:00:00,2025-12-07 04:00:00
2731,730,3,1,,13,2025-12-07 04:00:00,2025-12-07 04:00:00
2732,730,3,6,,14,2025-12-07 04:00:00,2025-12-07 04:00:00
2733,730,4,2,1,,2025-12-07 04:00:00,2025-12-07 04:00:00
2734,731,1,2,2,,2025-12-07 04:00:00,2025-12-07 04:00:00
2735,731,2,1,,14,2025-12-07 04:00:00,2025-12-07 04:00:00
2736,731,3,2,10,,2025-12-07 04:00:00,2025-12-07 04:00:00
2737,731,4,2,2,,2025-12-07 04:00:00,2025-12-07 04:00:00
2738,732,1,1,,13,2025-12-07 04:00:00,2025-12-07 04:00:00
2739,732,2,1,,15,2025-12-07 04:00:00,2025-12-07 04:00:00
2740,732,3,2,10,,2025-12-07 04:00:00,2025-12-07 04:00:00
2741,732,4,1,,9,2025-12-07 04:00:00,2025-12-07 04:00:00
2742,733,1,1,,9,2025-12-07 04:00:00,2025-12-07 04:00:00
2743,733,2,1,,7,2025-12-07 04:00:00,2025-12-07 04:00:00
2744,733,3,1,,16,2025-12-07 04:00:00,2025-12-07 04:00:00
2745,733,4,2,1,,2025-12-07 04:00:00,2025-12-07 04:00:00
2746,735,1,1,,20,2025-12-07 04:00:00,2025-12-07 04:00:00
2747,735,2,1,,22,2025-12-07 04:00:00,2025-12-07 04:00:00
2748,735,3,2,10,,2025-12-07 04:00:00,2025-12-07 04:00:00
2749,735,4,1,,4,2025-12-07 04:00:00,2025-12-07 04:00:00
2750,736,1,2,12,,2025-12-07 04:00:00,2025-12-07 04:00:00
2751,736,1,2,1,,2025-12-07 04:00:00,2025-12-07 04:00:00
2752,736,2,1,,8,2025-12-07 04:00:00,2025-12-07 04:00:00
2753,736,3,2,1,,2025-12-07 04:00:00,2025-12-07 04:00:00
2754,736,4,1,,6,2025-12-07 04:00:00,2025-12-07 04:00:00
2755,737,1,2,12,,2025-12-07 04:00:00,2025-12-07 04:00:00
2756,737,2,1,,5,2025-12-07 04:00:00,2025-12-07 04:00:00
2757,737,3,1,,7,2025-12-07 04:00:00,2025-12-07 04:00:00
2758,737,4,2,12,,2025-12-07 04:00:00,2025-12-07 04:00:00
2759,737,4,2,16,,2025-12-07 04:00:00,2025-12-07 04:00:00
2760,738,1,1,,2,2025-12-07 04:00:00,2025-12-07 04:00:00
2761,738,2,2,,CALLE CHIJIMARCA,2025-12-07 04:00:00,2025-12-07 04:00:00
2762,738,3,2,3,,2025-12-07 04:00:00,2025-12-07 04:00:00
2763,738,4,2,10,,2025-12-07 04:00:00,2025-12-07 04:00:00
2764,739,1,1,,5,2025-12-07 04:00:00,2025-12-07 04:00:00
2765,739,2,1,,7,2025-12-07 04:00:00,2025-12-07 04:00:00
2766,739,3,2,13,,2025-12-07 04:00:00,2025-12-07 04:00:00
2767,739,4,1,,3,2025-12-07 04:00:00,2025-12-07 04:00:00
2768,740,1,1,,4,2025-12-07 04:00:00,2025-12-07 04:00:00
2769,740,2,1,,2,2025-12-07 04:00:00,2025-12-07 04:00:00
2770,740,3,1,,6,2025-12-07 04:00:00,2025-12-07 04:00:00
2771,740,4,2,14,,2025-12-07 04:00:00,2025-12-07 04:00:00
2772,741,1,1,,3,2025-12-07 04:00:00,2025-12-07 04:00:00
2773,741,2,1,,1,2025-12-07 04:00:00,2025-12-07 04:00:00
2774,741,3,1,,7,2025-12-07 04:00:00,2025-12-07 04:00:00
2775,741,4,2,14,,2025-12-07 04:00:00,2025-12-07 04:00:00
2776,742,1,1,,6,2025-12-07 04:00:00,2025-12-07 04:00:00
2777,742,2,1,,8,2025-12-07 04:00:00,2025-12-07 04:00:00
2778,742,3,2,13,,2025-12-07 04:00:00,2025-12-07 04:00:00
2779,742,4,1,,2,2025-12-07 04:00:00,2025-12-07 04:00:00
2780,744,1,1,,2,2025-12-07 04:00:00,2025-12-07 04:00:00
2781,744,2,2,,AV. PACIFICO,2025-12-07 04:00:00,2025-12-07 04:00:00
2782,744,3,1,,8,2025-12-07 04:00:00,2025-12-07 04:00:00
2783,744,4,2,14,,2025-12-07 04:00:00,2025-12-07 04:00:00
2784,745,1,2,21,,2025-12-07 04:00:00,2025-12-07 04:00:00
2785,745,2,1,,3,2025-12-07 04:00:00,2025-12-07 04:00:00
2786,745,3,1,,5,2025-12-07 04:00:00,2025-12-07 04:00:00
2787,745,4,2,14,,2025-12-07 04:00:00,2025-12-07 04:00:00
2788,746,1,1,,7,2025-12-07 04:00:00,2025-12-07 04:00:00
2789,746,2,1,,5,2025-12-07 04:00:00,2025-12-07 04:00:00
2790,746,3,1,,31,2025-12-07 04:00:00,2025-12-07 04:00:00
2791,746,4,2,,AV. PANAMERICANA,2025-12-07 04:00:00,2025-12-07 04:00:00
2792,747,1,1,,26,2025-12-07 04:00:00,2025-12-07 04:00:00
2793,747,2,1,,28,2025-12-07 04:00:00,2025-12-07 04:00:00
2794,747,3,2,5,,2025-12-07 04:00:00,2025-12-07 04:00:00
2795,747,4,1,,11,2025-12-07 04:00:00,2025-12-07 04:00:00
2796,747,4,6,,12,2025-12-07 04:00:00,2025-12-07 04:00:00
2797,748,1,1,,2,2025-12-07 04:00:00,2025-12-07 04:00:00
2798,748,1,6,,3,2025-12-07 04:00:00,2025-12-07 04:00:00
2799,748,2,1,,9,2025-12-07 04:00:00,2025-12-07 04:00:00
2800,748,3,1,,8,2025-12-07 04:00:00,2025-12-07 04:00:00
2801,748,3,6,,9,2025-12-07 04:00:00,2025-12-07 04:00:00
2802,748,4,2,10,,2025-12-07 04:00:00,2025-12-07 04:00:00
2803,749,1,2,11,,2025-12-07 04:00:00,2025-12-07 04:00:00
2804,749,2,1,,10,2025-12-07 04:00:00,2025-12-07 04:00:00
2805,749,3,1,,3,2025-12-07 04:00:00,2025-12-07 04:00:00
2806,749,4,1,,1,2025-12-07 04:00:00,2025-12-07 04:00:00
2807,750,1,2,,CALLE CORO CORO,2025-12-07 04:00:00,2025-12-07 04:00:00
2808,750,2,2,10,,2025-12-07 04:00:00,2025-12-07 04:00:00
2809,750,3,1,,2,2025-12-07 04:00:00,2025-12-07 04:00:00
2810,750,4,2,10,,2025-12-07 04:00:00,2025-12-07 04:00:00
2811,751,1,2,11,,2025-12-07 04:00:00,2025-12-07 04:00:00
2812,751,2,1,,10,2025-12-07 04:00:00,2025-12-07 04:00:00
2813,751,3,1,,4,2025-12-07 04:00:00,2025-12-07 04:00:00
2814,751,4,1,,2,2025-12-07 04:00:00,2025-12-07 04:00:00
2815,752,1,2,,CALLE CORO CORO,2025-12-07 04:00:00,2025-12-07 04:00:00
2816,752,2,1,,8,2025-12-07 04:00:00,2025-12-07 04:00:00
2817,752,3,1,,5,2025-12-07 04:00:00,2025-12-07 04:00:00
2818,752,4,1,,3,2025-12-07 04:00:00,2025-12-07 04:00:00
2819,753,1,2,3,,2025-12-07 04:00:00,2025-12-07 04:00:00
2820,753,2,1,,8,2025-12-07 04:00:00,2025-12-07 04:00:00
2821,753,3,2,3,,2025-12-07 04:00:00,2025-12-07 04:00:00
2822,753,4,1,,5,2025-12-07 04:00:00,2025-12-07 04:00:00
2823,754,1,2,11,,2025-12-07 04:00:00,2025-12-07 04:00:00
2824,754,1,2,3,,2025-12-07 04:00:00,2025-12-07 04:00:00
2825,754,2,1,,5,2025-12-07 04:00:00,2025-12-07 04:00:00
2826,754,2,6,,7,2025-12-07 04:00:00,2025-12-07 04:00:00
2827,754,3,2,3,,2025-12-07 04:00:00,2025-12-07 04:00:00
2828,754,4,1,,5,2025-12-07 04:00:00,2025-12-07 04:00:00
2829,755,1,2,,CALLE CORO CORO,2025-12-07 04:00:00,2025-12-07 04:00:00
2830,755,2,1,,8,2025-12-07 04:00:00,2025-12-07 04:00:00
2831,755,3,1,,6,2025-12-07 04:00:00,2025-12-07 04:00:00
2832,755,3,6,,7,2025-12-07 04:00:00,2025-12-07 04:00:00
2833,755,4,1,,4,2025-12-07 04:00:00,2025-12-07 04:00:00
2834,756,1,1,,15,2025-12-07 04:00:00,2025-12-07 04:00:00
2835,756,2,1,,17,2025-12-07 04:00:00,2025-12-07 04:00:00
2836,756,3,2,5,,2025-12-07 04:00:00,2025-12-07 04:00:00
2837,756,4,1,,13,2025-12-07 04:00:00,2025-12-07 04:00:00
2838,756,4,6,,14,2025-12-07 04:00:00,2025-12-07 04:00:00
2839,757,1,1,,6,2025-12-07 04:00:00,2025-12-07 04:00:00
2840,757,2,1,,4,2025-12-07 04:00:00,2025-12-07 04:00:00
2841,757,3,1,,16,2025-12-07 04:00:00,2025-12-07 04:00:00
2842,757,4,2,13,,2025-12-07 04:00:00,2025-12-07 04:00:00
2843,759,1,1,,7,2025-12-07 04:00:00,2025-12-07 04:00:00
2844,759,2,1,,5,2025-12-07 04:00:00,2025-12-07 04:00:00
2845,759,3,1,,14,2025-12-07 04:00:00,2025-12-07 04:00:00
2846,759,4,2,10,,2025-12-07 04:00:00,2025-12-07 04:00:00
2847,760,1,1,,11,2025-12-07 04:00:00,2025-12-07 04:00:00
2848,760,2,1,,13,2025-12-07 04:00:00,2025-12-07 04:00:00
2849,760,3,2,5,,2025-12-07 04:00:00,2025-12-07 04:00:00
2850,760,4,1,,8,2025-12-07 04:00:00,2025-12-07 04:00:00
2851,761,1,2,9,,2025-12-07 04:00:00,2025-12-07 04:00:00
2852,761,2,1,,13,2025-12-07 04:00:00,2025-12-07 04:00:00
2853,761,3,1,,15,2025-12-07 04:00:00,2025-12-07 04:00:00
2854,761,3,6,,16,2025-12-07 04:00:00,2025-12-07 04:00:00
2855,761,4,2,3,,2025-12-07 04:00:00,2025-12-07 04:00:00
2856,762,1,1,,3,2025-12-07 04:00:00,2025-12-07 04:00:00
2857,762,2,1,,1,2025-12-07 04:00:00,2025-12-07 04:00:00
2858,762,2,2,6,,2025-12-07 04:00:00,2025-12-07 04:00:00
2859,762,3,1,,8,2025-12-07 04:00:00,2025-12-07 04:00:00
2860,762,4,2,5,,2025-12-07 04:00:00,2025-12-07 04:00:00
2861,763,1,1,,19,2025-12-07 04:00:00,2025-12-07 04:00:00
2862,763,2,1,,20,2025-12-07 04:00:00,2025-12-07 04:00:00
2863,763,3,2,3,,2025-12-07 04:00:00,2025-12-07 04:00:00
2864,763,4,1,,4,2025-12-07 04:00:00,2025-12-07 04:00:00
2865,763,4,6,,5,2025-12-07 04:00:00,2025-12-07 04:00:00
2866,764,1,1,,5,2025-12-07 04:00:00,2025-12-07 04:00:00
2867,764,2,1,,3,2025-12-07 04:00:00,2025-12-07 04:00:00
2868,764,3,1,,19,2025-12-07 04:00:00,2025-12-07 04:00:00
2869,764,4,2,10,,2025-12-07 04:00:00,2025-12-07 04:00:00
2870,766,1,1,,15,2025-12-07 04:00:00,2025-12-07 04:00:00
2871,766,2,1,,17,2025-12-07 04:00:00,2025-12-07 04:00:00
2872,766,3,2,3,,2025-12-07 04:00:00,2025-12-07 04:00:00
2873,766,4,1,,7,2025-12-07 04:00:00,2025-12-07 04:00:00
2874,767,1,1,,12,2025-12-07 04:00:00,2025-12-07 04:00:00
2875,767,2,1,,14,2025-12-07 04:00:00,2025-12-07 04:00:00
2876,767,3,2,3,,2025-12-07 04:00:00,2025-12-07 04:00:00
2877,767,4,1,,10,2025-12-07 04:00:00,2025-12-07 04:00:00
2878,767,4,6,,11,2025-12-07 04:00:00,2025-12-07 04:00:00
2879,768,1,1,,9,2025-12-07 04:00:00,2025-12-07 04:00:00
2880,768,2,1,,11,2025-12-07 04:00:00,2025-12-07 04:00:00
2881,768,3,2,1,,2025-12-07 04:00:00,2025-12-07 04:00:00
2882,768,4,1,,7,2025-12-07 04:00:00,2025-12-07 04:00:00
2883,769,1,1,,12,2025-12-07 04:00:00,2025-12-07 04:00:00
2884,769,1,2,3,,2025-12-07 04:00:00,2025-12-07 04:00:00
2885,769,2,1,,14,2025-12-07 04:00:00,2025-12-07 04:00:00
2886,769,3,2,,AV. PANAMERICANA,2025-12-07 04:00:00,2025-12-07 04:00:00
2887,769,4,1,,8,2025-12-07 04:00:00,2025-12-07 04:00:00
2888,770,1,1,,13.,2025-12-07 04:00:00,2025-12-07 04:00:00
2889,770,1,2,3,,2025-12-07 04:00:00,2025-12-07 04:00:00
2890,770,2,1,,15,2025-12-07 04:00:00,2025-12-07 04:00:00
2891,770,3,2,,AV. PANAMERICANA,2025-12-07 04:00:00,2025-12-07 04:00:00
2892,770,4,1,,7,2025-12-07 04:00:00,2025-12-07 04:00:00
2893,771,1,2,2,,2025-12-07 04:00:00,2025-12-07 04:00:00
2894,771,1,2,,AV. PANAMERICANA,2025-12-07 04:00:00,2025-12-07 04:00:00
2895,771,2,1,,9,2025-12-07 04:00:00,2025-12-07 04:00:00
2896,771,3,2,3,,2025-12-07 04:00:00,2025-12-07 04:00:00
2897,771,4,1,,10,2025-12-07 04:00:00,2025-12-07 04:00:00
2898,772,1,1,,19,2025-12-07 04:00:00,2025-12-07 04:00:00
2899,772,2,2,2,,2025-12-07 04:00:00,2025-12-07 04:00:00
2900,772,3,2,,AVENIDA  PANAMERICANA,2025-12-07 04:00:00,2025-12-07 04:00:00
2901,772,4,1,,1,2025-12-07 04:00:00,2025-12-07 04:00:00
2902,773,1,1,,16,2025-12-07 04:00:00,2025-12-07 04:00:00
2903,773,2,1,,2,2025-12-07 04:00:00,2025-12-07 04:00:00
2904,773,2,6,,18,2025-12-07 04:00:00,2025-12-07 04:00:00
2905,773,3,2,,AV. PANAMERICANA,2025-12-07 04:00:00,2025-12-07 04:00:00
2906,773,4,1,,3,2025-12-07 04:00:00,2025-12-07 04:00:00
2907,774,1,1,,10,2025-12-07 04:00:00,2025-12-07 04:00:00
2908,774,2,1,,12,2025-12-07 04:00:00,2025-12-07 04:00:00
2909,774,3,2,,AV. PANAMERICANA,2025-12-07 04:00:00,2025-12-07 04:00:00
2910,774,4,1,,9,2025-12-07 04:00:00,2025-12-07 04:00:00
2911,775,1,1,,14,2025-12-07 04:00:00,2025-12-07 04:00:00
2912,775,2,1,,16,2025-12-07 04:00:00,2025-12-07 04:00:00
2913,775,3,2,,AV. PANAMERICANA,2025-12-07 04:00:00,2025-12-07 04:00:00
2914,775,4,1,,5,2025-12-07 04:00:00,2025-12-07 04:00:00
2915,776,1,1,,12,2025-12-07 04:00:00,2025-12-07 04:00:00
2916,776,2,1,,10,2025-12-07 04:00:00,2025-12-07 04:00:00
2917,776,3,1,,13,2025-12-07 04:00:00,2025-12-07 04:00:00
2918,776,4,2,5,,2025-12-07 04:00:00,2025-12-07 04:00:00
2919,778,1,2,9,,2025-12-07 04:00:00,2025-12-07 04:00:00
2920,778,2,1,,16,2025-12-07 04:00:00,2025-12-07 04:00:00
2921,778,3,2,5,,2025-12-07 04:00:00,2025-12-07 04:00:00
2922,778,4,1,,14,2025-12-07 04:00:00,2025-12-07 04:00:00
2923,779,1,1,,23,2025-12-07 04:00:00,2025-12-07 04:00:00
2924,779,1,2,14,,2025-12-07 04:00:00,2025-12-07 04:00:00
2925,779,2,2,11,,2025-12-07 04:00:00,2025-12-07 04:00:00
2926,779,3,2,14,,2025-12-07 04:00:00,2025-12-07 04:00:00
2927,779,4,1,,25,2025-12-07 04:00:00,2025-12-07 04:00:00
2928,780,1,1,,16,2025-12-07 04:00:00,2025-12-07 04:00:00
2929,780,1,2,3,,2025-12-07 04:00:00,2025-12-07 04:00:00
2930,780,2,1,,18,2025-12-07 04:00:00,2025-12-07 04:00:00
2931,780,3,2,3,,2025-12-07 04:00:00,2025-12-07 04:00:00
2932,780,4,1,,7,2025-12-07 04:00:00,2025-12-07 04:00:00
2933,780,4,6,,8,2025-12-07 04:00:00,2025-12-07 04:00:00
2934,781,1,1,,17,2025-12-07 04:00:00,2025-12-07 04:00:00
2935,781,1,2,3,,2025-12-07 04:00:00,2025-12-07 04:00:00
2936,781,2,1,,19,2025-12-07 04:00:00,2025-12-07 04:00:00
2937,781,3,2,3,,2025-12-07 04:00:00,2025-12-07 04:00:00
2938,781,4,1,,6,2025-12-07 04:00:00,2025-12-07 04:00:00
2939,781,4,6,,7,2025-12-07 04:00:00,2025-12-07 04:00:00
2940,799,1,1,,4,2025-12-07 04:00:00,2025-12-07 04:00:00
2941,799,2,1,,2,2025-12-07 04:00:00,2025-12-07 04:00:00
2942,799,3,1,,11,2025-12-07 04:00:00,2025-12-07 04:00:00
2943,799,4,2,22,,2025-12-07 04:00:00,2025-12-07 04:00:00
2944,783,1,1,,"",2025-12-07 04:00:00,2025-12-07 04:00:00
2945,783,2,1,,"",2025-12-07 04:00:00,2025-12-07 04:00:00
2946,783,3,1,,"",2025-12-07 04:00:00,2025-12-07 04:00:00
2947,783,4,1,,"",2025-12-07 04:00:00,2025-12-07 04:00:00
2948,784,1,1,,"",2025-12-07 04:00:00,2025-12-07 04:00:00
2949,784,2,1,,"",2025-12-07 04:00:00,2025-12-07 04:00:00
2950,784,3,1,,"",2025-12-07 04:00:00,2025-12-07 04:00:00
2951,784,4,1,,"",2025-12-07 04:00:00,2025-12-07 04:00:00
2952,786,1,2,12,,2025-12-07 04:00:00,2025-12-07 04:00:00
2953,786,2,1,,5,2025-12-07 04:00:00,2025-12-07 04:00:00
2954,786,2,2,5,,2025-12-07 04:00:00,2025-12-07 04:00:00
2955,786,3,1,,7,2025-12-07 04:00:00,2025-12-07 04:00:00
2956,786,3,2,14,,2025-12-07 04:00:00,2025-12-07 04:00:00
2957,786,4,2,12,,2025-12-07 04:00:00,2025-12-07 04:00:00
2958,786,4,2,5,,2025-12-07 04:00:00,2025-12-07 04:00:00
2959,788,1,1,,5,2025-12-07 04:00:00,2025-12-07 04:00:00
2960,788,2,1,,3,2025-12-07 04:00:00,2025-12-07 04:00:00
2961,788,3,1,,19,2025-12-07 04:00:00,2025-12-07 04:00:00
2962,788,4,2,1,,2025-12-07 04:00:00,2025-12-07 04:00:00
2963,789,1,1,,4,2025-12-07 04:00:00,2025-12-07 04:00:00
2964,789,2,1,,2,2025-12-07 04:00:00,2025-12-07 04:00:00
2965,789,3,1,,7,2025-12-07 04:00:00,2025-12-07 04:00:00
2966,789,4,2,13,,2025-12-07 04:00:00,2025-12-07 04:00:00
2967,797,1,1,,11,2025-12-07 04:00:00,2025-12-07 04:00:00
2968,797,2,1,,13,2025-12-07 04:00:00,2025-12-07 04:00:00
2969,797,3,2,1,,2025-12-07 04:00:00,2025-12-07 04:00:00
2970,797,4,1,,2,2025-12-07 04:00:00,2025-12-07 04:00:00
2971,804,1,1,,"",2025-12-07 04:00:00,2025-12-07 04:00:00
2972,804,2,1,,"",2025-12-07 04:00:00,2025-12-07 04:00:00
2973,804,3,1,,"",2025-12-07 04:00:00,2025-12-07 04:00:00
2974,804,4,1,,"",2025-12-07 04:00:00,2025-12-07 04:00:00
2975,790,1,1,,7,2025-12-07 04:00:00,2025-12-07 04:00:00
2976,790,2,1,,9,2025-12-07 04:00:00,2025-12-07 04:00:00
2977,790,3,2,,AV. BARTOLINA SISA,2025-12-07 04:00:00,2025-12-07 04:00:00
2978,790,4,1,,2,2025-12-07 04:00:00,2025-12-07 04:00:00
2979,791,1,1,,6,2025-12-07 04:00:00,2025-12-07 04:00:00
2980,791,2,1,,8,2025-12-07 04:00:00,2025-12-07 04:00:00
2981,791,3,2,,AV. BARTOLINA SISA,2025-12-07 04:00:00,2025-12-07 04:00:00
2982,791,4,1,,3,2025-12-07 04:00:00,2025-12-07 04:00:00
2983,792,1,1,,5,2025-12-07 04:00:00,2025-12-07 04:00:00
2984,792,2,1,,7,2025-12-07 04:00:00,2025-12-07 04:00:00
2985,792,3,2,,AV. BARTOLINA SISA,2025-12-07 04:00:00,2025-12-07 04:00:00
2986,792,4,1,,4,2025-12-07 04:00:00,2025-12-07 04:00:00
2987,794,1,5,,RIO,2025-12-07 04:00:00,2025-12-07 04:00:00
2988,794,2,1,,2,2025-12-07 04:00:00,2025-12-07 04:00:00
2989,794,3,2,3,,2025-12-07 04:00:00,2025-12-07 04:00:00
2990,794,4,5,,RIO,2025-12-07 04:00:00,2025-12-07 04:00:00
2991,795,1,1,,2,2025-12-07 04:00:00,2025-12-07 04:00:00
2992,795,2,2,,CALLE CHIJIMARCA,2025-12-07 04:00:00,2025-12-07 04:00:00
2993,795,3,1,,13,2025-12-07 04:00:00,2025-12-07 04:00:00
2994,795,4,2,22,,2025-12-07 04:00:00,2025-12-07 04:00:00
2995,796,1,1,,12,2025-12-07 04:00:00,2025-12-07 04:00:00
2996,796,2,2,,CALLE CHIJIMARCA,2025-12-07 04:00:00,2025-12-07 04:00:00
2997,796,3,2,1,,2025-12-07 04:00:00,2025-12-07 04:00:00
2998,796,4,1,,1,2025-12-07 04:00:00,2025-12-07 04:00:00
2999,798,1,1,,3,2025-12-07 04:00:00,2025-12-07 04:00:00
3000,798,2,1,,1,2025-12-07 04:00:00,2025-12-07 04:00:00
3001,798,3,1,,12,2025-12-07 04:00:00,2025-12-07 04:00:00
3002,798,4,2,22,,2025-12-07 04:00:00,2025-12-07 04:00:00
3003,800,1,1,,10,2025-12-07 04:00:01,2025-12-07 04:00:01
3004,800,2,1,,12,2025-12-07 04:00:01,2025-12-07 04:00:01
3005,800,3,2,1,,2025-12-07 04:00:01,2025-12-07 04:00:01
3006,800,4,1,,3,2025-12-07 04:00:01,2025-12-07 04:00:01
3007,801,1,1,,9,2025-12-07 04:00:01,2025-12-07 04:00:01
3008,801,2,1,,11,2025-12-07 04:00:01,2025-12-07 04:00:01
3009,801,3,2,1,,2025-12-07 04:00:01,2025-12-07 04:00:01
3010,801,4,1,,4,2025-12-07 04:00:01,2025-12-07 04:00:01
3011,802,1,1,,5,2025-12-07 04:00:01,2025-12-07 04:00:01
3012,802,2,1,,3,2025-12-07 04:00:01,2025-12-07 04:00:01
3013,802,3,1,,10,2025-12-07 04:00:01,2025-12-07 04:00:01
3014,802,4,2,22,,2025-12-07 04:00:01,2025-12-07 04:00:01
3015,803,1,1,,8,2025-12-07 04:00:01,2025-12-07 04:00:01
3016,803,2,1,,10,2025-12-07 04:00:01,2025-12-07 04:00:01
3017,803,3,2,1,,2025-12-07 04:00:01,2025-12-07 04:00:01
3018,803,4,1,,5,2025-12-07 04:00:01,2025-12-07 04:00:01
3019,208,1,1,,11,2025-12-07 04:00:01,2025-12-07 04:00:01
3020,208,2,2,11,,2025-12-07 04:00:01,2025-12-07 04:00:01
3021,208,3,1,,8,2025-12-07 04:00:01,2025-12-07 04:00:01
3022,208,4,1,,10,2025-12-07 04:00:01,2025-12-07 04:00:01
3023,806,1,1,,19,2025-12-07 04:00:01,2025-12-07 04:00:01
3024,806,2,1,,21,2025-12-07 04:00:01,2025-12-07 04:00:01
3025,806,3,2,14,,2025-12-07 04:00:01,2025-12-07 04:00:01
3026,806,4,1,,6,2025-12-07 04:00:01,2025-12-07 04:00:01
3027,211,1,1,,5,2025-12-07 04:00:01,2025-12-07 04:00:01
3028,211,2,1,,3,2025-12-07 04:00:01,2025-12-07 04:00:01
3029,211,3,1,,16,2025-12-07 04:00:01,2025-12-07 04:00:01
3030,211,4,2,10,,2025-12-07 04:00:01,2025-12-07 04:00:01
3031,807,1,1,,8,2025-12-07 04:00:01,2025-12-07 04:00:01
3032,807,2,1,,6,2025-12-07 04:00:01,2025-12-07 04:00:01
3033,807,3,1,,30,2025-12-07 04:00:01,2025-12-07 04:00:01
3034,807,4,2,,AV. PANAMERICANA,2025-12-07 04:00:01,2025-12-07 04:00:01
3035,808,1,1,,11,2025-12-07 04:00:01,2025-12-07 04:00:01
3036,808,2,1,,9,2025-12-07 04:00:01,2025-12-07 04:00:01
3037,808,3,1,,14,2025-12-07 04:00:01,2025-12-07 04:00:01
3038,808,4,2,16,,2025-12-07 04:00:01,2025-12-07 04:00:01
3039,810,1,1,,5,2025-12-07 04:00:01,2025-12-07 04:00:01
3040,810,2,1,,3,2025-12-07 04:00:01,2025-12-07 04:00:01
3041,810,3,1,,6,2025-12-07 04:00:01,2025-12-07 04:00:01
3042,810,4,2,13,,2025-12-07 04:00:01,2025-12-07 04:00:01
3043,811,1,1,,14,2025-12-07 04:00:01,2025-12-07 04:00:01
3044,811,2,1,,16,2025-12-07 04:00:01,2025-12-07 04:00:01
3045,811,3,2,3,,2025-12-07 04:00:01,2025-12-07 04:00:01
3046,811,4,1,,8,2025-12-07 04:00:01,2025-12-07 04:00:01
3047,812,1,1,,13,2025-12-07 04:00:01,2025-12-07 04:00:01
3048,812,2,1,,11,2025-12-07 04:00:01,2025-12-07 04:00:01
3049,812,3,1,,16,2025-12-07 04:00:01,2025-12-07 04:00:01
3050,812,3,6,,17,2025-12-07 04:00:01,2025-12-07 04:00:01
3051,812,4,2,3,,2025-12-07 04:00:01,2025-12-07 04:00:01
3052,813,1,1,,8,2025-12-07 04:00:01,2025-12-07 04:00:01
3053,813,2,5,,RIO,2025-12-07 04:00:01,2025-12-07 04:00:01
3054,813,3,2,3,,2025-12-07 04:00:01,2025-12-07 04:00:01
3055,813,4,2,10,,2025-12-07 04:00:01,2025-12-07 04:00:01
3056,814,1,1,,2,2025-12-07 04:00:01,2025-12-07 04:00:01
3057,814,2,2,17,,2025-12-07 04:00:01,2025-12-07 04:00:01
3058,814,3,1,,7,2025-12-07 04:00:01,2025-12-07 04:00:01
3059,814,4,2,15,,2025-12-07 04:00:01,2025-12-07 04:00:01
3060,815,1,2,2,,2025-12-07 04:00:01,2025-12-07 04:00:01
3061,815,2,1,,2,2025-12-07 04:00:01,2025-12-07 04:00:01
3062,815,3,1,,4,2025-12-07 04:00:01,2025-12-07 04:00:01
3063,815,4,2,15,,2025-12-07 04:00:01,2025-12-07 04:00:01
3064,817,1,1,,18,2025-12-07 04:00:01,2025-12-07 04:00:01
3065,817,2,1,,20,2025-12-07 04:00:01,2025-12-07 04:00:01
3066,817,3,2,10,,2025-12-07 04:00:01,2025-12-07 04:00:01
3067,817,4,1,,7,2025-12-07 04:00:01,2025-12-07 04:00:01
3068,817,4,6,,8,2025-12-07 04:00:01,2025-12-07 04:00:01
3069,819,1,1,,"",2025-12-07 04:00:01,2025-12-07 04:00:01
3070,819,2,1,,"",2025-12-07 04:00:01,2025-12-07 04:00:01
3071,819,3,1,,"",2025-12-07 04:00:01,2025-12-07 04:00:01
3072,819,4,1,,"",2025-12-07 04:00:01,2025-12-07 04:00:01
3073,820,1,2,,CALLE CORO CORO,2025-12-07 04:00:01,2025-12-07 04:00:01
3074,820,2,2,,CALLE S/N.,2025-12-07 04:00:01,2025-12-07 04:00:01
3075,820,3,1,,18,2025-12-07 04:00:01,2025-12-07 04:00:01
3076,820,4,1,,16,2025-12-07 04:00:01,2025-12-07 04:00:01
3077,822,1,5,,RIO SIN NOMBRE,2025-12-07 04:00:01,2025-12-07 04:00:01
3078,822,2,6,,CAMINO COMUNAL TOLAR - QUILLCOMA LLUJTURI,2025-12-07 04:00:01,2025-12-07 04:00:01
3079,822,3,2,,CALLE S/N.,2025-12-07 04:00:01,2025-12-07 04:00:01
3080,822,4,2,3,,2025-12-07 04:00:01,2025-12-07 04:00:01
3081,823,1,1,,4,2025-12-07 04:00:01,2025-12-07 04:00:01
3082,823,2,1,,2,2025-12-07 04:00:01,2025-12-07 04:00:01
3083,823,3,1,,32,2025-12-07 04:00:01,2025-12-07 04:00:01
3084,823,3,6,,34,2025-12-07 04:00:01,2025-12-07 04:00:01
3085,823,4,2,3,,2025-12-07 04:00:01,2025-12-07 04:00:01
3086,824,1,2,,CALLE CORO CORO,2025-12-07 04:00:01,2025-12-07 04:00:01
3087,824,2,2,,CALLE S/N.,2025-12-07 04:00:01,2025-12-07 04:00:01
3088,824,3,2,15,,2025-12-07 04:00:01,2025-12-07 04:00:01
3089,824,4,1,,2,2025-12-07 04:00:01,2025-12-07 04:00:01
3090,825,1,1,,8,2025-12-07 04:00:01,2025-12-07 04:00:01
3091,825,2,1,,6,2025-12-07 04:00:01,2025-12-07 04:00:01
3092,825,3,1,,14,2025-12-07 04:00:01,2025-12-07 04:00:01
3093,825,4,2,13,,2025-12-07 04:00:01,2025-12-07 04:00:01
3094,826,1,1,,12,2025-12-07 04:00:01,2025-12-07 04:00:01
3095,826,2,1,,14,2025-12-07 04:00:01,2025-12-07 04:00:01
3096,826,3,2,,AV. BARTOLINA SISA,2025-12-07 04:00:01,2025-12-07 04:00:01
3097,826,4,1,,8,2025-12-07 04:00:01,2025-12-07 04:00:01
3098,827,1,2,20,,2025-12-07 04:00:01,2025-12-07 04:00:01
3099,827,2,1,,9,2025-12-07 04:00:01,2025-12-07 04:00:01
3100,827,3,1,,11,2025-12-07 04:00:01,2025-12-07 04:00:01
3101,827,4,6,,C/ FRANZ TAMAYO,2025-12-07 04:00:01,2025-12-07 04:00:01
3102,827,4,2,20,,2025-12-07 04:00:01,2025-12-07 04:00:01
3103,828,1,2,20,,2025-12-07 04:00:01,2025-12-07 04:00:01
3104,828,2,1,,12,2025-12-07 04:00:01,2025-12-07 04:00:01
3105,828,3,2,,AV. BARTOLINA SISA,2025-12-07 04:00:01,2025-12-07 04:00:01
3106,828,4,2,20,,2025-12-07 04:00:01,2025-12-07 04:00:01
3107,829,1,1,,11,2025-12-07 04:00:01,2025-12-07 04:00:01
3108,829,2,1,,13,2025-12-07 04:00:01,2025-12-07 04:00:01
3109,829,3,2,,AV. BARTOLINA SISA,2025-12-07 04:00:01,2025-12-07 04:00:01
3110,829,4,1,,9,2025-12-07 04:00:01,2025-12-07 04:00:01
3111,830,1,1,,10,2025-12-07 04:00:01,2025-12-07 04:00:01
3112,830,2,1,,8,2025-12-07 04:00:01,2025-12-07 04:00:01
3113,830,3,1,,12,2025-12-07 04:00:01,2025-12-07 04:00:01
3114,830,4,2,13,,2025-12-07 04:00:01,2025-12-07 04:00:01
3115,831,1,1,,9,2025-12-07 04:00:01,2025-12-07 04:00:01
3116,831,2,1,,7,2025-12-07 04:00:01,2025-12-07 04:00:01
3117,831,3,1,,13,2025-12-07 04:00:01,2025-12-07 04:00:01
3118,831,4,2,13,,2025-12-07 04:00:01,2025-12-07 04:00:01
3119,832,1,1,,13,2025-12-07 04:00:01,2025-12-07 04:00:01
3120,832,2,1,,15,2025-12-07 04:00:01,2025-12-07 04:00:01
3121,832,3,2,4,,2025-12-07 04:00:01,2025-12-07 04:00:01
3122,832,4,1,,7,2025-12-07 04:00:01,2025-12-07 04:00:01
3123,833,1,1,,7,2025-12-07 04:00:01,2025-12-07 04:00:01
3124,833,2,1,,5,2025-12-07 04:00:01,2025-12-07 04:00:01
3125,833,3,1,,15,2025-12-07 04:00:01,2025-12-07 04:00:01
3126,833,4,2,13,,2025-12-07 04:00:01,2025-12-07 04:00:01
3127,835,1,1,,3,2025-12-07 04:00:01,2025-12-07 04:00:01
3128,835,2,1,,1,2025-12-07 04:00:01,2025-12-07 04:00:01
3129,835,3,1,,15,2025-12-07 04:00:01,2025-12-07 04:00:01
3130,835,3,6,,17,2025-12-07 04:00:01,2025-12-07 04:00:01
3131,835,4,2,13,,2025-12-07 04:00:01,2025-12-07 04:00:01
3132,836,1,1,,5,2025-12-07 04:00:01,2025-12-07 04:00:01
3133,836,2,1,,3,2025-12-07 04:00:01,2025-12-07 04:00:01
3134,836,3,1,,17,2025-12-07 04:00:01,2025-12-07 04:00:01
3135,836,4,2,13,,2025-12-07 04:00:01,2025-12-07 04:00:01
3136,837,1,1,,16,2025-12-07 04:00:01,2025-12-07 04:00:01
3137,837,2,1,,18,2025-12-07 04:00:01,2025-12-07 04:00:01
3138,837,3,2,4,,2025-12-07 04:00:01,2025-12-07 04:00:01
3139,837,4,1,,4,2025-12-07 04:00:01,2025-12-07 04:00:01
3140,838,1,1,,17,2025-12-07 04:00:01,2025-12-07 04:00:01
3141,838,2,1,,19,2025-12-07 04:00:01,2025-12-07 04:00:01
3142,838,3,2,4,,2025-12-07 04:00:01,2025-12-07 04:00:01
3143,838,4,1,,3,2025-12-07 04:00:01,2025-12-07 04:00:01
3144,839,1,1,,4,2025-12-07 04:00:01,2025-12-07 04:00:01
3145,839,2,1,,2,2025-12-07 04:00:01,2025-12-07 04:00:01
3146,839,3,1,,18,2025-12-07 04:00:01,2025-12-07 04:00:01
3147,839,4,2,13,,2025-12-07 04:00:01,2025-12-07 04:00:01
3148,840,1,1,,3,2025-12-07 04:00:01,2025-12-07 04:00:01
3149,840,2,1,,1,2025-12-07 04:00:01,2025-12-07 04:00:01
3150,840,3,1,,19,2025-12-07 04:00:01,2025-12-07 04:00:01
3151,840,4,2,13,,2025-12-07 04:00:01,2025-12-07 04:00:01
3152,841,1,1,,18,2025-12-07 04:00:01,2025-12-07 04:00:01
3153,841,2,1,,20,2025-12-07 04:00:01,2025-12-07 04:00:01
3154,841,3,2,4,,2025-12-07 04:00:01,2025-12-07 04:00:01
3155,841,4,1,,2,2025-12-07 04:00:01,2025-12-07 04:00:01
3156,842,1,1,,19,2025-12-07 04:00:01,2025-12-07 04:00:01
3157,842,2,2,,CALLE TUPAC AMARU,2025-12-07 04:00:01,2025-12-07 04:00:01
3158,842,3,2,,AV. BARTOLINA SISA,2025-12-07 04:00:01,2025-12-07 04:00:01
3159,842,4,1,,1,2025-12-07 04:00:01,2025-12-07 04:00:01
3160,843,1,1,,2,2025-12-07 04:00:01,2025-12-07 04:00:01
3161,843,2,6,,C/TUPAC AMARU,2025-12-07 04:00:01,2025-12-07 04:00:01
3162,843,2,6,,C/ FRANZ TAMAYO,2025-12-07 04:00:01,2025-12-07 04:00:01
3163,843,3,1,,20,2025-12-07 04:00:01,2025-12-07 04:00:01
3164,843,3,2,,CALLE TUPAC AMARU,2025-12-07 04:00:01,2025-12-07 04:00:01
3165,843,4,2,13,,2025-12-07 04:00:01,2025-12-07 04:00:01
3166,844,1,1,,5,2025-12-07 04:00:01,2025-12-07 04:00:01
3167,844,2,1,,3,2025-12-07 04:00:01,2025-12-07 04:00:01
3168,844,3,1,,15,2025-12-07 04:00:01,2025-12-07 04:00:01
3169,844,4,2,13,,2025-12-07 04:00:01,2025-12-07 04:00:01
3170,845,1,1,,4,2025-12-07 04:00:01,2025-12-07 04:00:01
3171,845,2,1,,2,2025-12-07 04:00:01,2025-12-07 04:00:01
3172,845,3,1,,14,2025-12-07 04:00:01,2025-12-07 04:00:01
3173,845,4,2,13,,2025-12-07 04:00:01,2025-12-07 04:00:01
3174,846,1,1,,2,2025-12-07 04:00:01,2025-12-07 04:00:01
3175,846,2,2,9,,2025-12-07 04:00:01,2025-12-07 04:00:01
3176,846,3,1,,7,2025-12-07 04:00:01,2025-12-07 04:00:01
3177,846,4,2,13,,2025-12-07 04:00:01,2025-12-07 04:00:01
3178,847,1,1,,15,2025-12-07 04:00:01,2025-12-07 04:00:01
3179,847,2,2,9,,2025-12-07 04:00:01,2025-12-07 04:00:01
3180,847,3,2,4,,2025-12-07 04:00:01,2025-12-07 04:00:01
3181,847,4,1,,17,2025-12-07 04:00:01,2025-12-07 04:00:01
3182,849,1,1,,13,2025-12-07 04:00:01,2025-12-07 04:00:01
3183,849,2,1,,15,2025-12-07 04:00:01,2025-12-07 04:00:01
3184,849,3,2,,AV. BARTOLINA SISA,2025-12-07 04:00:01,2025-12-07 04:00:01
3185,849,4,1,,3,2025-12-07 04:00:01,2025-12-07 04:00:01
3186,850,1,1,,12,2025-12-07 04:00:01,2025-12-07 04:00:01
3187,850,2,1,,14,2025-12-07 04:00:01,2025-12-07 04:00:01
3188,850,3,2,4,,2025-12-07 04:00:01,2025-12-07 04:00:01
3189,850,4,1,,4,2025-12-07 04:00:01,2025-12-07 04:00:01
3190,852,1,1,,11,2025-12-07 04:00:01,2025-12-07 04:00:01
3191,852,2,1,,13,2025-12-07 04:00:01,2025-12-07 04:00:01
3192,852,3,2,,AV. BARTOLINA SISA,2025-12-07 04:00:01,2025-12-07 04:00:01
3193,852,4,1,,5,2025-12-07 04:00:01,2025-12-07 04:00:01
3194,853,1,1,,6,2025-12-07 04:00:01,2025-12-07 04:00:01
3195,853,2,1,,4,2025-12-07 04:00:01,2025-12-07 04:00:01
3196,853,3,1,,12,2025-12-07 04:00:01,2025-12-07 04:00:01
3197,853,4,2,13,,2025-12-07 04:00:01,2025-12-07 04:00:01
3198,854,1,1,,8,2025-12-07 04:00:01,2025-12-07 04:00:01
3199,854,2,1,,6,2025-12-07 04:00:01,2025-12-07 04:00:01
3200,854,3,1,,10,2025-12-07 04:00:01,2025-12-07 04:00:01
3201,854,4,2,13,,2025-12-07 04:00:01,2025-12-07 04:00:01
3202,856,1,1,,9,2025-12-07 04:00:01,2025-12-07 04:00:01
3203,856,2,1,,11,2025-12-07 04:00:01,2025-12-07 04:00:01
3204,856,3,2,4,,2025-12-07 04:00:01,2025-12-07 04:00:01
3205,856,4,1,,7,2025-12-07 04:00:01,2025-12-07 04:00:01
3206,857,1,2,,CALLE TUPAC AMARU,2025-12-07 04:00:01,2025-12-07 04:00:01
3207,857,2,1,,110,2025-12-07 04:00:01,2025-12-07 04:00:01
3208,857,3,2,4,,2025-12-07 04:00:01,2025-12-07 04:00:01
3209,857,4,1,,8,2025-12-07 04:00:01,2025-12-07 04:00:01
3210,857,4,6,,C/ TUPAC AMARU,2025-12-07 04:00:01,2025-12-07 04:00:01
3211,858,1,2,,CALLE TUPAC AMARU,2025-12-07 04:00:01,2025-12-07 04:00:01
3212,858,2,1,,10,2025-12-07 04:00:01,2025-12-07 04:00:01
3213,858,3,2,,AV. BARTOLINA SISA,2025-12-07 04:00:01,2025-12-07 04:00:01
3214,858,4,1,,8,2025-12-07 04:00:01,2025-12-07 04:00:01
3215,858,4,2,,CALLE TUPAC AMARU,2025-12-07 04:00:01,2025-12-07 04:00:01
3216,859,1,1,,2,2025-12-07 04:00:01,2025-12-07 04:00:01
3217,859,1,6,,15,2025-12-07 04:00:01,2025-12-07 04:00:01
3218,859,2,2,9,,2025-12-07 04:00:01,2025-12-07 04:00:01
3219,859,3,1,,16,2025-12-07 04:00:01,2025-12-07 04:00:01
3220,859,4,1,,1,2025-12-07 04:00:01,2025-12-07 04:00:01
3221,860,1,1,,2,2025-12-07 04:00:01,2025-12-07 04:00:01
3222,860,2,2,20,,2025-12-07 04:00:01,2025-12-07 04:00:01
3223,860,2,2,,AV. TUPAC KATARI,2025-12-07 04:00:01,2025-12-07 04:00:01
3224,860,3,1,,15,2025-12-07 04:00:01,2025-12-07 04:00:01
3225,860,4,2,16,,2025-12-07 04:00:01,2025-12-07 04:00:01
3226,862,1,2,21,,2025-12-07 04:00:01,2025-12-07 04:00:01
3227,862,2,1,,5,2025-12-07 04:00:01,2025-12-07 04:00:01
3228,862,3,1,,8,2025-12-07 04:00:01,2025-12-07 04:00:01
3229,862,4,1,,6,2025-12-07 04:00:01,2025-12-07 04:00:01
3230,863,1,2,21,,2025-12-07 04:00:01,2025-12-07 04:00:01
3231,863,2,1,,9,2025-12-07 04:00:01,2025-12-07 04:00:01
3232,863,3,2,1,,2025-12-07 04:00:01,2025-12-07 04:00:01
3233,863,4,1,,7,2025-12-07 04:00:01,2025-12-07 04:00:01
3234,864,1,2,21,,2025-12-07 04:00:01,2025-12-07 04:00:01
3235,864,2,1,,2,2025-12-07 04:00:01,2025-12-07 04:00:01
3236,864,3,1,,4,2025-12-07 04:00:01,2025-12-07 04:00:01
3237,864,4,2,1,,2025-12-07 04:00:01,2025-12-07 04:00:01
3238,865,1,2,21,,2025-12-07 04:00:01,2025-12-07 04:00:01
3239,865,2,1,,5,2025-12-07 04:00:01,2025-12-07 04:00:01
3240,865,3,2,,AV. PANAMERICANA,2025-12-07 04:00:01,2025-12-07 04:00:01
3241,865,4,2,10,,2025-12-07 04:00:01,2025-12-07 04:00:01
3242,866,1,2,21,,2025-12-07 04:00:01,2025-12-07 04:00:01
3243,866,2,1,,2,2025-12-07 04:00:01,2025-12-07 04:00:01
3244,866,3,2,10,,2025-12-07 04:00:01,2025-12-07 04:00:01
3245,866,4,1,,3,2025-12-07 04:00:01,2025-12-07 04:00:01
3246,867,1,1,,2,2025-12-07 04:00:01,2025-12-07 04:00:01
3247,867,2,2,19,,2025-12-07 04:00:01,2025-12-07 04:00:01
3248,867,3,1,,18,2025-12-07 04:00:01,2025-12-07 04:00:01
3249,867,3,2,19,,2025-12-07 04:00:01,2025-12-07 04:00:01
3250,867,4,2,,AV. BARTOLINA SISA,2025-12-07 04:00:01,2025-12-07 04:00:01
3251,868,1,1,,3,2025-12-07 04:00:01,2025-12-07 04:00:01
3252,868,2,1,,1,2025-12-07 04:00:01,2025-12-07 04:00:01
3253,868,3,1,,17,2025-12-07 04:00:01,2025-12-07 04:00:01
3254,868,4,2,4,,2025-12-07 04:00:01,2025-12-07 04:00:01
3255,869,1,1,,16,2025-12-07 04:00:01,2025-12-07 04:00:01
3256,869,2,1,,18,2025-12-07 04:00:01,2025-12-07 04:00:01
3257,869,3,2,,CALLE S/N.,2025-12-07 04:00:01,2025-12-07 04:00:01
3258,869,4,1,,2,2025-12-07 04:00:01,2025-12-07 04:00:01
3259,870,1,1,,15,2025-12-07 04:00:01,2025-12-07 04:00:01
3260,870,2,1,,17,2025-12-07 04:00:01,2025-12-07 04:00:01
3261,870,3,2,,CALLE S/N.,2025-12-07 04:00:01,2025-12-07 04:00:01
3262,870,4,1,,3,2025-12-07 04:00:01,2025-12-07 04:00:01
3263,871,1,1,,4,2025-12-07 04:00:01,2025-12-07 04:00:01
3264,871,2,1,,2,2025-12-07 04:00:01,2025-12-07 04:00:01
3265,871,3,1,,16,2025-12-07 04:00:01,2025-12-07 04:00:01
3266,871,4,2,,AV. BARTOLINA SISA,2025-12-07 04:00:01,2025-12-07 04:00:01
3267,872,1,1,,5,2025-12-07 04:00:01,2025-12-07 04:00:01
3268,872,2,1,,3,2025-12-07 04:00:01,2025-12-07 04:00:01
3269,872,3,1,,15,2025-12-07 04:00:01,2025-12-07 04:00:01
3270,872,4,2,,AV. BARTOLINA SISA,2025-12-07 04:00:01,2025-12-07 04:00:01
3271,235,1,1,,10,2025-12-07 04:00:01,2025-12-07 04:00:01
3272,235,2,1,,8,2025-12-07 04:00:01,2025-12-07 04:00:01
3273,235,3,1,,12,2025-12-07 04:00:01,2025-12-07 04:00:01
3274,235,4,2,14,,2025-12-07 04:00:01,2025-12-07 04:00:01
3275,874,1,1,,13,2025-12-07 04:00:01,2025-12-07 04:00:01
3276,874,2,1,,15,2025-12-07 04:00:01,2025-12-07 04:00:01
3277,874,3,2,,CALLE S/N.,2025-12-07 04:00:01,2025-12-07 04:00:01
3278,874,4,1,,5,2025-12-07 04:00:01,2025-12-07 04:00:01
3279,248,1,1,,7,2025-12-07 04:00:01,2025-12-07 04:00:01
3280,248,2,1,,5,2025-12-07 04:00:01,2025-12-07 04:00:01
3281,248,3,1,,15,2025-12-07 04:00:01,2025-12-07 04:00:01
3282,248,4,2,14,,2025-12-07 04:00:01,2025-12-07 04:00:01
3283,249,1,1,,7,2025-12-07 04:00:01,2025-12-07 04:00:01
3284,249,2,1,,6,2025-12-07 04:00:01,2025-12-07 04:00:01
3285,249,3,1,,14,2025-12-07 04:00:01,2025-12-07 04:00:01
3286,249,4,2,14,,2025-12-07 04:00:01,2025-12-07 04:00:01
3287,258,1,1,,19,2025-12-07 04:00:01,2025-12-07 04:00:01
3288,258,2,2,2,,2025-12-07 04:00:01,2025-12-07 04:00:01
3289,258,3,2,13,,2025-12-07 04:00:01,2025-12-07 04:00:01
3290,258,4,1,,1,2025-12-07 04:00:01,2025-12-07 04:00:01
3291,264,1,1,,5,2025-12-07 04:00:01,2025-12-07 04:00:01
3292,264,2,1,,3,2025-12-07 04:00:01,2025-12-07 04:00:01
3293,264,3,1,,17,2025-12-07 04:00:01,2025-12-07 04:00:01
3294,264,4,2,14,,2025-12-07 04:00:01,2025-12-07 04:00:01
3295,265,1,1,,6,2025-12-07 04:00:01,2025-12-07 04:00:01
3296,265,2,1,,4,2025-12-07 04:00:01,2025-12-07 04:00:01
3297,265,3,1,,16,2025-12-07 04:00:01,2025-12-07 04:00:01
3298,265,4,2,14,,2025-12-07 04:00:01,2025-12-07 04:00:01
3299,268,1,1,,17,2025-12-07 04:00:01,2025-12-07 04:00:01
3300,268,2,1,,19,2025-12-07 04:00:01,2025-12-07 04:00:01
3301,268,3,2,13,,2025-12-07 04:00:01,2025-12-07 04:00:01
3302,268,4,1,,3,2025-12-07 04:00:01,2025-12-07 04:00:01
3303,271,1,1,,16,2025-12-07 04:00:01,2025-12-07 04:00:01
3304,271,2,1,,18,2025-12-07 04:00:02,2025-12-07 04:00:02
3305,271,3,2,13,,2025-12-07 04:00:02,2025-12-07 04:00:02
3306,271,4,1,,4,2025-12-07 04:00:02,2025-12-07 04:00:02
3307,297,1,1,,4,2025-12-07 04:00:02,2025-12-07 04:00:02
3308,297,2,1,,2,2025-12-07 04:00:02,2025-12-07 04:00:02
3309,297,3,1,,10,2025-12-07 04:00:02,2025-12-07 04:00:02
3310,297,4,2,14,,2025-12-07 04:00:02,2025-12-07 04:00:02
3311,314,1,1,,12,2025-12-07 04:00:02,2025-12-07 04:00:02
3312,314,2,1,,10,2025-12-07 04:00:02,2025-12-07 04:00:02
3313,314,2,2,5,,2025-12-07 04:00:02,2025-12-07 04:00:02
3314,314,3,1,,13,2025-12-07 04:00:02,2025-12-07 04:00:02
3315,314,3,6,,15,2025-12-07 04:00:02,2025-12-07 04:00:02
3316,314,4,2,5,,2025-12-07 04:00:02,2025-12-07 04:00:02
3317,326,1,1,,8,2025-12-07 04:00:02,2025-12-07 04:00:02
3318,326,2,1,,6,2025-12-07 04:00:02,2025-12-07 04:00:02
3319,326,3,1,,18,2025-12-07 04:00:02,2025-12-07 04:00:02
3320,326,4,2,5,,2025-12-07 04:00:02,2025-12-07 04:00:02
3321,338,1,1,,3,2025-12-07 04:00:02,2025-12-07 04:00:02
3322,338,2,1,,1,2025-12-07 04:00:02,2025-12-07 04:00:02
3323,338,3,1,,21,2025-12-07 04:00:02,2025-12-07 04:00:02
3324,338,4,2,1,,2025-12-07 04:00:02,2025-12-07 04:00:02
3325,340,1,1,,19,2025-12-07 04:00:02,2025-12-07 04:00:02
3326,340,2,1,,21,2025-12-07 04:00:02,2025-12-07 04:00:02
3327,340,3,2,10,,2025-12-07 04:00:02,2025-12-07 04:00:02
3328,340,4,1,,3,2025-12-07 04:00:02,2025-12-07 04:00:02
3329,350,1,1,,10,2025-12-07 04:00:02,2025-12-07 04:00:02
3330,350,2,1,,8,2025-12-07 04:00:02,2025-12-07 04:00:02
3331,350,3,1,,17,2025-12-07 04:00:02,2025-12-07 04:00:02
3332,350,4,2,1,,2025-12-07 04:00:02,2025-12-07 04:00:02
3333,352,1,1,,14,2025-12-07 04:00:02,2025-12-07 04:00:02
3334,352,2,1,,16,2025-12-07 04:00:02,2025-12-07 04:00:02
3335,352,3,2,10,,2025-12-07 04:00:02,2025-12-07 04:00:02
3336,352,4,1,,11,2025-12-07 04:00:02,2025-12-07 04:00:02
3337,355,1,1,,25,2025-12-07 04:00:02,2025-12-07 04:00:02
3338,355,2,2,12,,2025-12-07 04:00:02,2025-12-07 04:00:02
3339,355,3,2,10,,2025-12-07 04:00:02,2025-12-07 04:00:02
3340,355,4,1,,1,2025-12-07 04:00:02,2025-12-07 04:00:02
3341,358,1,1,,6,2025-12-07 04:00:02,2025-12-07 04:00:02
3342,358,2,1,,4,2025-12-07 04:00:02,2025-12-07 04:00:02
3343,358,3,1,,22,2025-12-07 04:00:02,2025-12-07 04:00:02
3344,358,4,2,1,,2025-12-07 04:00:02,2025-12-07 04:00:02
3345,359,1,1,,21,2025-12-07 04:00:02,2025-12-07 04:00:02
3346,359,2,1,,23,2025-12-07 04:00:02,2025-12-07 04:00:02
3347,359,3,2,10,,2025-12-07 04:00:02,2025-12-07 04:00:02
3348,359,4,1,,5,2025-12-07 04:00:02,2025-12-07 04:00:02
3349,359,4,6,,6,2025-12-07 04:00:02,2025-12-07 04:00:02
3350,364,1,1,,12,2025-12-07 04:00:02,2025-12-07 04:00:02
3351,364,2,1,,14,2025-12-07 04:00:02,2025-12-07 04:00:02
3352,364,3,2,1,,2025-12-07 04:00:02,2025-12-07 04:00:02
3353,364,4,1,,4,2025-12-07 04:00:02,2025-12-07 04:00:02
3354,395,1,1,,6,2025-12-07 04:00:02,2025-12-07 04:00:02
3355,395,2,1,,4,2025-12-07 04:00:02,2025-12-07 04:00:02
3356,395,3,1,,20,2025-12-07 04:00:02,2025-12-07 04:00:02
3357,395,4,2,1,,2025-12-07 04:00:02,2025-12-07 04:00:02
3358,396,1,1,,7,2025-12-07 04:00:02,2025-12-07 04:00:02
3359,396,2,1,,5,2025-12-07 04:00:02,2025-12-07 04:00:02
3360,396,3,1,,18,2025-12-07 04:00:02,2025-12-07 04:00:02
3361,396,3,6,,19,2025-12-07 04:00:02,2025-12-07 04:00:02
3362,396,4,2,1,,2025-12-07 04:00:02,2025-12-07 04:00:02
3363,407,1,1,,17,2025-12-07 04:00:02,2025-12-07 04:00:02
3364,407,2,1,,19,2025-12-07 04:00:02,2025-12-07 04:00:02
3365,407,3,2,1,,2025-12-07 04:00:02,2025-12-07 04:00:02
3366,407,4,1,,4,2025-12-07 04:00:02,2025-12-07 04:00:02
3367,422,1,1,,5,2025-12-07 04:00:02,2025-12-07 04:00:02
3368,422,2,1,,3,2025-12-07 04:00:02,2025-12-07 04:00:02
3369,422,3,1,,20,2025-12-07 04:00:02,2025-12-07 04:00:02
3370,422,4,2,1,,2025-12-07 04:00:02,2025-12-07 04:00:02
3371,430,1,1,,8,2025-12-07 04:00:02,2025-12-07 04:00:02
3372,430,2,1,,6,2025-12-07 04:00:02,2025-12-07 04:00:02
3373,430,3,1,,18,2025-12-07 04:00:02,2025-12-07 04:00:02
3374,430,4,2,,AV. TUPAC KATARI,2025-12-07 04:00:02,2025-12-07 04:00:02
3375,435,1,1,,6,2025-12-07 04:00:02,2025-12-07 04:00:02
3376,435,2,1,,8,2025-12-07 04:00:02,2025-12-07 04:00:02
3377,435,3,2,5,,2025-12-07 04:00:02,2025-12-07 04:00:02
3378,435,4,1,,4,2025-12-07 04:00:02,2025-12-07 04:00:02
3379,441,1,1,,4,2025-12-07 04:00:02,2025-12-07 04:00:02
3380,441,2,1,,2,2025-12-07 04:00:02,2025-12-07 04:00:02
3381,441,3,1,,17,2025-12-07 04:00:02,2025-12-07 04:00:02
3382,441,4,2,,AV. PANAMERICANA,2025-12-07 04:00:02,2025-12-07 04:00:02
3383,443,1,1,,6,2025-12-07 04:00:02,2025-12-07 04:00:02
3384,443,2,1,,4,2025-12-07 04:00:02,2025-12-07 04:00:02
3385,443,3,1,,15,2025-12-07 04:00:02,2025-12-07 04:00:02
3386,443,4,2,,AV. PANAMERICANA,2025-12-07 04:00:02,2025-12-07 04:00:02
3387,459,1,1,,3,2025-12-07 04:00:02,2025-12-07 04:00:02
3388,459,2,1,,1,2025-12-07 04:00:02,2025-12-07 04:00:02
3389,459,3,1,,34,2025-12-07 04:00:02,2025-12-07 04:00:02
3390,459,4,2,,AV. PANAMERICANA,2025-12-07 04:00:02,2025-12-07 04:00:02
3391,476,1,1,,3,2025-12-07 04:00:02,2025-12-07 04:00:02
3392,476,2,1,,1,2025-12-07 04:00:02,2025-12-07 04:00:02
3393,476,3,1,,23,2025-12-07 04:00:02,2025-12-07 04:00:02
3394,476,4,2,10,,2025-12-07 04:00:02,2025-12-07 04:00:02
3395,485,1,1,,3,2025-12-07 04:00:02,2025-12-07 04:00:02
3396,485,2,1,,1,2025-12-07 04:00:02,2025-12-07 04:00:02
3397,485,3,1,,19,2025-12-07 04:00:02,2025-12-07 04:00:02
3398,485,3,6,,20,2025-12-07 04:00:02,2025-12-07 04:00:02
3399,485,4,2,10,,2025-12-07 04:00:02,2025-12-07 04:00:02
3400,492,1,1,,15,2025-12-07 04:00:02,2025-12-07 04:00:02
3401,492,1,2,3,,2025-12-07 04:00:02,2025-12-07 04:00:02
3402,492,2,1,,17,2025-12-07 04:00:02,2025-12-07 04:00:02
3403,492,3,2,,AV. PANAMERICANA,2025-12-07 04:00:02,2025-12-07 04:00:02
3404,492,4,1,,6,2025-12-07 04:00:02,2025-12-07 04:00:02
3405,493,1,1,,14,2025-12-07 04:00:02,2025-12-07 04:00:02
3406,493,1,2,3,,2025-12-07 04:00:02,2025-12-07 04:00:02
3407,493,2,1,,16,2025-12-07 04:00:02,2025-12-07 04:00:02
3408,493,3,2,,AV. PANAMERICANA,2025-12-07 04:00:02,2025-12-07 04:00:02
3409,493,4,1,,6,2025-12-07 04:00:02,2025-12-07 04:00:02
3410,493,4,6,,7,2025-12-07 04:00:02,2025-12-07 04:00:02
3411,507,1,1,,6,2025-12-07 04:00:02,2025-12-07 04:00:02
3412,507,2,1,,4,2025-12-07 04:00:02,2025-12-07 04:00:02
3413,507,3,1,,8,2025-12-07 04:00:02,2025-12-07 04:00:02
3414,507,4,2,14,,2025-12-07 04:00:02,2025-12-07 04:00:02
3415,518,1,1,,21,2025-12-07 04:00:02,2025-12-07 04:00:02
3416,518,2,2,9,,2025-12-07 04:00:02,2025-12-07 04:00:02
3417,518,3,2,13,,2025-12-07 04:00:02,2025-12-07 04:00:02
3418,518,4,1,,1,2025-12-07 04:00:02,2025-12-07 04:00:02
3419,528,1,1,,"",2025-12-07 04:00:02,2025-12-07 04:00:02
3420,528,2,1,,"",2025-12-07 04:00:02,2025-12-07 04:00:02
3421,528,3,1,,"",2025-12-07 04:00:02,2025-12-07 04:00:02
3422,528,4,1,,"",2025-12-07 04:00:02,2025-12-07 04:00:02
3423,59,1,1,,13,2025-12-07 04:00:02,2025-12-07 04:00:02
3424,59,2,1,,15,2025-12-07 04:00:02,2025-12-07 04:00:02
3425,59,3,2,,AV. BARTOLINA SISA,2025-12-07 04:00:02,2025-12-07 04:00:02
3426,59,4,1,,3,2025-12-07 04:00:02,2025-12-07 04:00:02
3427,60,1,1,,4,2025-12-07 04:00:02,2025-12-07 04:00:02
3428,60,2,1,,2,2025-12-07 04:00:02,2025-12-07 04:00:02
3429,60,3,1,,14,2025-12-07 04:00:02,2025-12-07 04:00:02
3430,60,4,2,13,,2025-12-07 04:00:02,2025-12-07 04:00:02
3431,61,1,1,,3,2025-12-07 04:00:02,2025-12-07 04:00:02
3432,61,2,1,,1,2025-12-07 04:00:02,2025-12-07 04:00:02
3433,61,3,1,,15,2025-12-07 04:00:02,2025-12-07 04:00:02
3434,61,3,6,,16,2025-12-07 04:00:02,2025-12-07 04:00:02
3435,61,4,2,13,,2025-12-07 04:00:02,2025-12-07 04:00:02
3436,63,1,1,,15,2025-12-07 04:00:02,2025-12-07 04:00:02
3437,63,2,2,2,,2025-12-07 04:00:02,2025-12-07 04:00:02
3438,63,3,2,,AV. BARTOLINA SISA,2025-12-07 04:00:02,2025-12-07 04:00:02
3439,63,4,1,,17,2025-12-07 04:00:02,2025-12-07 04:00:02
3440,529,1,1,,24,2025-12-07 04:00:02,2025-12-07 04:00:02
3441,529,2,1,,26,2025-12-07 04:00:02,2025-12-07 04:00:02
3442,529,3,2,5,,2025-12-07 04:00:02,2025-12-07 04:00:02
3443,529,4,1,,18,2025-12-07 04:00:02,2025-12-07 04:00:02
3444,532,1,1,,28,2025-12-07 04:00:02,2025-12-07 04:00:02
3445,532,2,1,,30,2025-12-07 04:00:02,2025-12-07 04:00:02
3446,532,3,2,5,,2025-12-07 04:00:02,2025-12-07 04:00:02
3447,532,4,1,,9,2025-12-07 04:00:02,2025-12-07 04:00:02
3448,532,4,6,,10,2025-12-07 04:00:02,2025-12-07 04:00:02
3449,542,1,1,,3,2025-12-07 04:00:02,2025-12-07 04:00:02
3450,542,2,2,13,,2025-12-07 04:00:02,2025-12-07 04:00:02
3451,542,3,1,,9,2025-12-07 04:00:02,2025-12-07 04:00:02
3452,542,3,6,,10,2025-12-07 04:00:02,2025-12-07 04:00:02
3453,542,4,2,13,,2025-12-07 04:00:02,2025-12-07 04:00:02
3454,543,1,1,,17,2025-12-07 04:00:02,2025-12-07 04:00:02
3455,543,2,1,,19,2025-12-07 04:00:02,2025-12-07 04:00:02
3456,543,3,2,14,,2025-12-07 04:00:02,2025-12-07 04:00:02
3457,543,4,1,,7,2025-12-07 04:00:02,2025-12-07 04:00:02
3458,546,1,1,,20,2025-12-07 04:00:02,2025-12-07 04:00:02
3459,546,2,1,,22,2025-12-07 04:00:02,2025-12-07 04:00:02
3460,546,3,2,14,,2025-12-07 04:00:02,2025-12-07 04:00:02
3461,546,4,1,,4,2025-12-07 04:00:02,2025-12-07 04:00:02
3462,546,4,6,,5,2025-12-07 04:00:02,2025-12-07 04:00:02
3463,564,1,1,,12,2025-12-07 04:00:02,2025-12-07 04:00:02
3464,564,2,1,,14,2025-12-07 04:00:02,2025-12-07 04:00:02
3465,564,3,2,5,,2025-12-07 04:00:02,2025-12-07 04:00:02
3466,564,4,1,,7,2025-12-07 04:00:02,2025-12-07 04:00:02
3467,566,1,1,,8,2025-12-07 04:00:02,2025-12-07 04:00:02
3468,566,2,1,,6,2025-12-07 04:00:02,2025-12-07 04:00:02
3469,566,3,1,,17,2025-12-07 04:00:02,2025-12-07 04:00:02
3470,566,3,6,,18,2025-12-07 04:00:02,2025-12-07 04:00:02
3471,566,4,2,5,,2025-12-07 04:00:02,2025-12-07 04:00:02
3472,577,1,1,,10,2025-12-07 04:00:02,2025-12-07 04:00:02
3473,577,2,1,,8,2025-12-07 04:00:02,2025-12-07 04:00:02
3474,577,3,1,,12,2025-12-07 04:00:02,2025-12-07 04:00:02
3475,577,4,2,5,,2025-12-07 04:00:02,2025-12-07 04:00:02
3476,609,1,1,,11,2025-12-07 04:00:02,2025-12-07 04:00:02
3477,609,2,2,20,,2025-12-07 04:00:02,2025-12-07 04:00:02
3478,609,3,2,10,,2025-12-07 04:00:02,2025-12-07 04:00:02
3479,609,4,1,,13,2025-12-07 04:00:02,2025-12-07 04:00:02
3480,625,1,1,,6,2025-12-07 04:00:02,2025-12-07 04:00:02
3481,625,2,1,,4,2025-12-07 04:00:02,2025-12-07 04:00:02
3482,625,3,1,,17,2025-12-07 04:00:02,2025-12-07 04:00:02
3483,625,4,2,,AV. TUPAC KATARI,2025-12-07 04:00:02,2025-12-07 04:00:02
3484,636,1,1,,19,2025-12-07 04:00:02,2025-12-07 04:00:02
3485,636,2,1,,21,2025-12-07 04:00:02,2025-12-07 04:00:02
3486,636,3,2,1,,2025-12-07 04:00:02,2025-12-07 04:00:02
3487,636,4,1,,4,2025-12-07 04:00:02,2025-12-07 04:00:02
3488,636,4,6,,5,2025-12-07 04:00:02,2025-12-07 04:00:02
3489,671,1,1,,10,2025-12-07 04:00:02,2025-12-07 04:00:02
3490,671,1,6,,11,2025-12-07 04:00:02,2025-12-07 04:00:02
3491,671,2,1,,8,2025-12-07 04:00:02,2025-12-07 04:00:02
3492,671,3,1,,15,2025-12-07 04:00:02,2025-12-07 04:00:02
3493,671,4,2,1,,2025-12-07 04:00:02,2025-12-07 04:00:02
3494,672,1,1,,8,2025-12-07 04:00:02,2025-12-07 04:00:02
3495,672,2,1,,6,2025-12-07 04:00:02,2025-12-07 04:00:02
3496,672,3,1,,19,2025-12-07 04:00:02,2025-12-07 04:00:02
3497,672,3,6,,20,2025-12-07 04:00:02,2025-12-07 04:00:02
3498,672,4,2,1,,2025-12-07 04:00:02,2025-12-07 04:00:02
3499,693,1,1,,8,2025-12-07 04:00:02,2025-12-07 04:00:02
3500,693,2,1,,6,2025-12-07 04:00:02,2025-12-07 04:00:02
3501,693,3,1,,17,2025-12-07 04:00:02,2025-12-07 04:00:02
3502,693,4,2,,AV. PANAMERICANA,2025-12-07 04:00:02,2025-12-07 04:00:02
3503,697,1,1,,5,2025-12-07 04:00:02,2025-12-07 04:00:02
3504,697,1,6,,19,2025-12-07 04:00:02,2025-12-07 04:00:02
3505,697,2,1,,3,2025-12-07 04:00:02,2025-12-07 04:00:02
3506,697,3,1,,20,2025-12-07 04:00:02,2025-12-07 04:00:02
3507,697,3,6,,21,2025-12-07 04:00:02,2025-12-07 04:00:02
3508,697,4,2,10,,2025-12-07 04:00:02,2025-12-07 04:00:02
3509,698,1,2,3,,2025-12-07 04:00:02,2025-12-07 04:00:02
3510,698,2,1,,9,2025-12-07 04:00:02,2025-12-07 04:00:02
3511,698,3,2,3,,2025-12-07 04:00:02,2025-12-07 04:00:02
3512,698,4,1,,10,2025-12-07 04:00:02,2025-12-07 04:00:02
3513,713,1,2,11,,2025-12-07 04:00:02,2025-12-07 04:00:02
3514,713,2,2,,CALLE S/N.,2025-12-07 04:00:02,2025-12-07 04:00:02
3515,713,3,1,,4,2025-12-07 04:00:02,2025-12-07 04:00:02
3516,713,4,1,,2,2025-12-07 04:00:02,2025-12-07 04:00:02
3517,714,1,2,,CALLE CORO CORO,2025-12-07 04:00:02,2025-12-07 04:00:02
3518,714,2,1,,2,2025-12-07 04:00:02,2025-12-07 04:00:02
3519,714,3,2,10,,2025-12-07 04:00:02,2025-12-07 04:00:02
3520,714,4,1,,2,2025-12-07 04:00:02,2025-12-07 04:00:02
3521,718,1,1,,11,2025-12-07 04:00:02,2025-12-07 04:00:02
3522,718,2,2,11,,2025-12-07 04:00:02,2025-12-07 04:00:02
3523,718,3,1,,2,2025-12-07 04:00:02,2025-12-07 04:00:02
3524,718,4,1,,4,2025-12-07 04:00:02,2025-12-07 04:00:02
3525,725,1,1,,5,2025-12-07 04:00:02,2025-12-07 04:00:02
3526,725,2,1,,3,2025-12-07 04:00:02,2025-12-07 04:00:02
3527,725,3,2,5,,2025-12-07 04:00:02,2025-12-07 04:00:02
3528,725,4,2,3,,2025-12-07 04:00:02,2025-12-07 04:00:02
3529,727,1,5,,RIO,2025-12-07 04:00:02,2025-12-07 04:00:02
3530,727,2,6,,CAMINO COMUNAL TOLAR - QUILLCOMA LLUJTURI,2025-12-07 04:00:02,2025-12-07 04:00:02
3531,727,3,2,,CALLE S/N.,2025-12-07 04:00:02,2025-12-07 04:00:02
3532,727,4,1,,2,2025-12-07 04:00:02,2025-12-07 04:00:02
3533,729,1,1,,2,2025-12-07 04:00:02,2025-12-07 04:00:02
3534,729,2,2,12,,2025-12-07 04:00:02,2025-12-07 04:00:02
3535,729,3,1,,26,2025-12-07 04:00:02,2025-12-07 04:00:02
3536,729,4,2,1,,2025-12-07 04:00:02,2025-12-07 04:00:02
3537,734,1,1,,8,2025-12-07 04:00:02,2025-12-07 04:00:02
3538,734,2,1,,6,2025-12-07 04:00:02,2025-12-07 04:00:02
3539,734,3,1,,17,2025-12-07 04:00:02,2025-12-07 04:00:02
3540,734,4,2,1,,2025-12-07 04:00:02,2025-12-07 04:00:02
3541,743,1,1,,7,2025-12-07 04:00:02,2025-12-07 04:00:02
3542,743,2,2,18,,2025-12-07 04:00:02,2025-12-07 04:00:02
3543,743,3,2,13,,2025-12-07 04:00:02,2025-12-07 04:00:02
3544,743,4,1,,1,2025-12-07 04:00:02,2025-12-07 04:00:02
3545,758,1,1,,16,2025-12-07 04:00:02,2025-12-07 04:00:02
3546,758,2,1,,18,2025-12-07 04:00:02,2025-12-07 04:00:02
3547,758,3,2,5,,2025-12-07 04:00:02,2025-12-07 04:00:02
3548,758,4,1,,10,2025-12-07 04:00:02,2025-12-07 04:00:02
3549,758,4,6,,11,2025-12-07 04:00:02,2025-12-07 04:00:02
3550,765,1,1,,17,2025-12-07 04:00:02,2025-12-07 04:00:02
3551,765,2,1,,19,2025-12-07 04:00:02,2025-12-07 04:00:02
3552,765,3,2,3,,2025-12-07 04:00:02,2025-12-07 04:00:02
3553,765,4,1,,5,2025-12-07 04:00:02,2025-12-07 04:00:02
3554,765,4,6,,6,2025-12-07 04:00:02,2025-12-07 04:00:02
3555,777,1,2,9,,2025-12-07 04:00:02,2025-12-07 04:00:02
3556,777,2,1,,10,2025-12-07 04:00:02,2025-12-07 04:00:02
3557,777,3,1,,14,2025-12-07 04:00:02,2025-12-07 04:00:02
3558,777,4,1,,12,2025-12-07 04:00:02,2025-12-07 04:00:02
3559,787,1,6,,C/ AROMA,2025-12-07 04:00:02,2025-12-07 04:00:02
3560,787,1,2,,AV. BARTOLINA SISA,2025-12-07 04:00:02,2025-12-07 04:00:02
3561,787,2,1,,4,2025-12-07 04:00:02,2025-12-07 04:00:02
3562,787,2,6,,6,2025-12-07 04:00:02,2025-12-07 04:00:02
3563,787,3,2,4,,2025-12-07 04:00:02,2025-12-07 04:00:02
3564,787,4,6,,C/ FRANZ TAMAYO,2025-12-07 04:00:02,2025-12-07 04:00:02
3565,787,4,2,9,,2025-12-07 04:00:02,2025-12-07 04:00:02
3566,793,1,1,,1,2025-12-07 04:00:02,2025-12-07 04:00:02
3567,793,2,1,,3,2025-12-07 04:00:02,2025-12-07 04:00:02
3568,793,3,2,3,,2025-12-07 04:00:02,2025-12-07 04:00:02
3569,793,4,1,,8,2025-12-07 04:00:02,2025-12-07 04:00:02
3570,805,1,1,,"",2025-12-07 04:00:02,2025-12-07 04:00:02
3571,805,2,1,,"",2025-12-07 04:00:02,2025-12-07 04:00:02
3572,805,3,1,,"",2025-12-07 04:00:02,2025-12-07 04:00:02
3573,805,4,1,,"",2025-12-07 04:00:02,2025-12-07 04:00:02
3574,809,1,1,,20,2025-12-07 04:00:02,2025-12-07 04:00:02
3575,809,2,1,,22,2025-12-07 04:00:02,2025-12-07 04:00:02
3576,809,3,2,1,,2025-12-07 04:00:02,2025-12-07 04:00:02
3577,809,4,1,,4,2025-12-07 04:00:02,2025-12-07 04:00:02
3578,816,1,1,,3,2025-12-07 04:00:02,2025-12-07 04:00:02
3579,816,2,1,,1,2025-12-07 04:00:02,2025-12-07 04:00:02
3580,816,3,1,,7,2025-12-07 04:00:02,2025-12-07 04:00:02
3581,816,4,2,15,,2025-12-07 04:00:02,2025-12-07 04:00:02
3582,834,1,1,,14,2025-12-07 04:00:02,2025-12-07 04:00:02
3583,834,2,1,,16,2025-12-07 04:00:02,2025-12-07 04:00:02
3584,834,3,2,,AV. BARTOLINA SISA,2025-12-07 04:00:02,2025-12-07 04:00:02
3585,834,4,1,,6,2025-12-07 04:00:02,2025-12-07 04:00:02
3586,848,1,1,,14,2025-12-07 04:00:02,2025-12-07 04:00:02
3587,848,2,1,,16,2025-12-07 04:00:02,2025-12-07 04:00:02
3588,848,3,2,4,,2025-12-07 04:00:02,2025-12-07 04:00:02
3589,848,4,1,,2,2025-12-07 04:00:02,2025-12-07 04:00:02
3590,851,1,1,,11,2025-12-07 04:00:02,2025-12-07 04:00:02
3591,851,2,1,,13,2025-12-07 04:00:02,2025-12-07 04:00:02
3592,851,3,2,4,,2025-12-07 04:00:02,2025-12-07 04:00:02
3593,851,4,1,,5,2025-12-07 04:00:02,2025-12-07 04:00:02
3594,855,1,2,,CALLE TUPAC AMARU,2025-12-07 04:00:02,2025-12-07 04:00:02
3595,855,2,1,,7,2025-12-07 04:00:02,2025-12-07 04:00:02
3596,855,3,1,,9,2025-12-07 04:00:02,2025-12-07 04:00:02
3597,855,4,2,13,,2025-12-07 04:00:02,2025-12-07 04:00:02
3598,888,1,1,,"",2025-12-07 04:00:02,2025-12-07 04:00:02
3599,888,2,1,,"",2025-12-07 04:00:02,2025-12-07 04:00:02
3600,888,3,1,,"",2025-12-07 04:00:02,2025-12-07 04:00:02
3601,888,4,1,,"",2025-12-07 04:00:02,2025-12-07 04:00:02
3602,861,1,1,,2,2025-12-07 04:00:02,2025-12-07 04:00:02
3603,861,1,6,,12,2025-12-07 04:00:02,2025-12-07 04:00:02
3604,861,2,2,20,,2025-12-07 04:00:02,2025-12-07 04:00:02
3605,861,3,1,,14,2025-12-07 04:00:02,2025-12-07 04:00:02
3606,861,4,1,,1,2025-12-07 04:00:02,2025-12-07 04:00:02
3607,873,1,1,,14,2025-12-07 04:00:02,2025-12-07 04:00:02
3608,873,2,1,,16,2025-12-07 04:00:02,2025-12-07 04:00:02
3609,873,3,2,8,,2025-12-07 04:00:02,2025-12-07 04:00:02
3610,873,4,1,,4,2025-12-07 04:00:02,2025-12-07 04:00:02
3611,62,1,1,,14,2025-12-07 04:00:02,2025-12-07 04:00:02
3612,62,2,1,,16,2025-12-07 04:00:03,2025-12-07 04:00:03
3613,62,3,2,4,,2025-12-07 04:00:03,2025-12-07 04:00:03
3614,62,4,1,,2,2025-12-07 04:00:03,2025-12-07 04:00:03
3615,109,1,1,,8,2025-12-07 04:00:03,2025-12-07 04:00:03
3616,109,2,1,,6,2025-12-07 04:00:03,2025-12-07 04:00:03
3617,109,3,1,,10,2025-12-07 04:00:03,2025-12-07 04:00:03
3618,109,4,2,,AV. BARTOLINA SISA,2025-12-07 04:00:03,2025-12-07 04:00:03
3619,161,1,1,,14,2025-12-07 04:00:03,2025-12-07 04:00:03
3620,161,2,1,,12,2025-12-07 04:00:03,2025-12-07 04:00:03
3621,161,3,1,,16,2025-12-07 04:00:03,2025-12-07 04:00:03
3622,161,4,2,3,,2025-12-07 04:00:03,2025-12-07 04:00:03
3623,281,1,1,,6,2025-12-07 04:00:03,2025-12-07 04:00:03
3624,281,2,1,,4,2025-12-07 04:00:03,2025-12-07 04:00:03
3625,281,3,1,,19,2025-12-07 04:00:03,2025-12-07 04:00:03
3626,281,4,2,5,,2025-12-07 04:00:03,2025-12-07 04:00:03
3627,818,1,1,,"",2025-12-07 04:00:03,2025-12-07 04:00:03
3628,818,2,1,,"",2025-12-07 04:00:03,2025-12-07 04:00:03
3629,818,3,1,,"",2025-12-07 04:00:03,2025-12-07 04:00:03
3630,818,4,1,,"",2025-12-07 04:00:03,2025-12-07 04:00:03
3631,500,1,1,,15,2025-12-07 04:00:03,2025-12-07 04:00:03
3632,500,2,1,,17,2025-12-07 04:00:03,2025-12-07 04:00:03
3633,500,3,2,3,,2025-12-07 04:00:03,2025-12-07 04:00:03
3634,500,4,1,,4,2025-12-07 04:00:03,2025-12-07 04:00:03
3635,668,1,1,,10,2025-12-07 04:00:03,2025-12-07 04:00:03
3636,668,2,1,,8,2025-12-07 04:00:03,2025-12-07 04:00:03
3637,668,3,1,,18,2025-12-07 04:00:03,2025-12-07 04:00:03
3638,668,4,2,3,,2025-12-07 04:00:03,2025-12-07 04:00:03
3639,877,1,1,,12,2025-12-07 04:00:03,2025-12-07 04:00:03
3640,877,2,1,,14,2025-12-07 04:00:03,2025-12-07 04:00:03
3641,877,3,2,,CALLE S/N.,2025-12-07 04:00:03,2025-12-07 04:00:03
3642,877,4,1,,6,2025-12-07 04:00:03,2025-12-07 04:00:03
3643,875,1,1,,6,2025-12-07 04:00:03,2025-12-07 04:00:03
3644,875,2,1,,4,2025-12-07 04:00:03,2025-12-07 04:00:03
3645,875,3,1,,14,2025-12-07 04:00:03,2025-12-07 04:00:03
3646,875,4,2,4,,2025-12-07 04:00:03,2025-12-07 04:00:03
3647,876,1,1,,7,2025-12-07 04:00:03,2025-12-07 04:00:03
3648,876,2,1,,5,2025-12-07 04:00:03,2025-12-07 04:00:03
3649,876,3,1,,13,2025-12-07 04:00:03,2025-12-07 04:00:03
3650,876,4,2,,AV. BARTOLINA SISA,2025-12-07 04:00:03,2025-12-07 04:00:03
3651,878,1,1,,11,2025-12-07 04:00:03,2025-12-07 04:00:03
3652,878,2,1,,13,2025-12-07 04:00:03,2025-12-07 04:00:03
3653,878,3,2,8,,2025-12-07 04:00:03,2025-12-07 04:00:03
3654,878,4,1,,7,2025-12-07 04:00:03,2025-12-07 04:00:03
3655,879,1,1,,8,2025-12-07 04:00:03,2025-12-07 04:00:03
3656,879,2,1,,6,2025-12-07 04:00:03,2025-12-07 04:00:03
3657,879,3,1,,12,2025-12-07 04:00:03,2025-12-07 04:00:03
3658,879,4,2,4,,2025-12-07 04:00:03,2025-12-07 04:00:03
3659,883,1,2,19,,2025-12-07 04:00:03,2025-12-07 04:00:03
3660,883,2,1,,10,2025-12-07 04:00:03,2025-12-07 04:00:03
3661,883,3,2,,CALLE S/N.,2025-12-07 04:00:03,2025-12-07 04:00:03
3662,883,4,1,,8,2025-12-07 04:00:03,2025-12-07 04:00:03
3663,883,4,2,19,,2025-12-07 04:00:03,2025-12-07 04:00:03
3664,884,1,1,,4,2025-12-07 04:00:03,2025-12-07 04:00:03
3665,884,2,1,,6,2025-12-07 04:00:03,2025-12-07 04:00:03
3666,884,3,2,3,,2025-12-07 04:00:03,2025-12-07 04:00:03
3667,884,4,1,,7,2025-12-07 04:00:03,2025-12-07 04:00:03
3668,51,1,1,,9,2025-12-07 04:00:03,2025-12-07 04:00:03
3669,51,2,1,,11,2025-12-07 04:00:03,2025-12-07 04:00:03
3670,51,3,2,,AV. BARTOLINA SISA,2025-12-07 04:00:03,2025-12-07 04:00:03
3671,51,4,1,,7,2025-12-07 04:00:03,2025-12-07 04:00:03
3672,52,1,1,,8,2025-12-07 04:00:03,2025-12-07 04:00:03
3673,52,2,1,,6,2025-12-07 04:00:03,2025-12-07 04:00:03
3674,52,3,1,,10,2025-12-07 04:00:03,2025-12-07 04:00:03
3675,52,4,2,13,,2025-12-07 04:00:03,2025-12-07 04:00:03
3676,53,1,1,,7,2025-12-07 04:00:03,2025-12-07 04:00:03
3677,53,2,1,,5,2025-12-07 04:00:03,2025-12-07 04:00:03
3678,53,3,1,,11,2025-12-07 04:00:03,2025-12-07 04:00:03
3679,53,4,2,13,,2025-12-07 04:00:03,2025-12-07 04:00:03
3680,54,1,1,,10,2025-12-07 04:00:03,2025-12-07 04:00:03
3681,54,2,1,,12,2025-12-07 04:00:03,2025-12-07 04:00:03
3682,54,3,2,,AV. BARTOLINA SISA,2025-12-07 04:00:03,2025-12-07 04:00:03
3683,54,4,1,,6,2025-12-07 04:00:03,2025-12-07 04:00:03
3684,55,1,1,,11,2025-12-07 04:00:03,2025-12-07 04:00:03
3685,55,2,1,,13,2025-12-07 04:00:03,2025-12-07 04:00:03
3686,55,3,2,,AV. BARTOLINA SISA,2025-12-07 04:00:03,2025-12-07 04:00:03
3687,55,4,1,,5,2025-12-07 04:00:03,2025-12-07 04:00:03
3688,56,1,1,,6,2025-12-07 04:00:03,2025-12-07 04:00:03
3689,56,2,1,,4,2025-12-07 04:00:03,2025-12-07 04:00:03
3690,56,3,1,,12,2025-12-07 04:00:03,2025-12-07 04:00:03
3691,56,4,2,13,,2025-12-07 04:00:03,2025-12-07 04:00:03
3692,270,1,1,,5,2025-12-07 04:00:03,2025-12-07 04:00:03
3693,270,2,1,,3,2025-12-07 04:00:03,2025-12-07 04:00:03
3694,270,3,1,,17,2025-12-07 04:00:03,2025-12-07 04:00:03
3695,270,4,2,14,,2025-12-07 04:00:03,2025-12-07 04:00:03
3696,658,1,1,,2,2025-12-07 04:00:03,2025-12-07 04:00:03
3697,658,2,2,20,,2025-12-07 04:00:03,2025-12-07 04:00:03
3698,658,3,1,,9,2025-12-07 04:00:03,2025-12-07 04:00:03
3699,658,3,2,20,,2025-12-07 04:00:03,2025-12-07 04:00:03
3700,658,4,2,5,,2025-12-07 04:00:03,2025-12-07 04:00:03
3701,880,1,1,,9,2025-12-07 04:00:03,2025-12-07 04:00:03
3702,880,2,1,,7,2025-12-07 04:00:03,2025-12-07 04:00:03
3703,880,3,1,,11,2025-12-07 04:00:03,2025-12-07 04:00:03
3704,880,4,2,,AV. BARTOLINA SISA,2025-12-07 04:00:03,2025-12-07 04:00:03
3705,881,1,1,,10,2025-12-07 04:00:03,2025-12-07 04:00:03
3706,881,2,1,,12,2025-12-07 04:00:03,2025-12-07 04:00:03
3707,881,3,2,,CALLE S/N.,2025-12-07 04:00:03,2025-12-07 04:00:03
3708,881,4,1,,8,2025-12-07 04:00:03,2025-12-07 04:00:03
3709,882,1,2,18,,2025-12-07 04:00:03,2025-12-07 04:00:03
3710,882,2,1,,11,2025-12-07 04:00:03,2025-12-07 04:00:03
3711,882,3,2,8,,2025-12-07 04:00:03,2025-12-07 04:00:03
3712,882,4,1,,9,2025-12-07 04:00:03,2025-12-07 04:00:03
3713,10,1,1,,8,2025-12-07 04:00:03,2025-12-07 04:00:03
3714,10,2,1,,6,2025-12-07 04:00:03,2025-12-07 04:00:03
3715,10,3,1,,12,2025-12-07 04:00:03,2025-12-07 04:00:03
3716,10,4,2,13,,2025-12-07 04:00:03,2025-12-07 04:00:03
3717,11,1,1,,10,2025-12-07 04:00:03,2025-12-07 04:00:03
3718,11,2,1,,12,2025-12-07 04:00:03,2025-12-07 04:00:03
3719,11,3,2,,AV. BARTOLINA SISA,2025-12-07 04:00:03,2025-12-07 04:00:03
3720,11,4,1,,8,2025-12-07 04:00:03,2025-12-07 04:00:03
3721,12,1,1,,9,2025-12-07 04:00:03,2025-12-07 04:00:03
3722,12,2,1,,7,2025-12-07 04:00:03,2025-12-07 04:00:03
3723,12,3,1,,11,2025-12-07 04:00:03,2025-12-07 04:00:03
3724,12,4,2,13,,2025-12-07 04:00:03,2025-12-07 04:00:03
3725,13,1,2,2,,2025-12-07 04:00:03,2025-12-07 04:00:03
3726,13,2,1,,8,2025-12-07 04:00:03,2025-12-07 04:00:03
3727,13,3,1,,10,2025-12-07 04:00:03,2025-12-07 04:00:03
3728,13,4,2,13,,2025-12-07 04:00:03,2025-12-07 04:00:03
3729,13,4,2,2,,2025-12-07 04:00:03,2025-12-07 04:00:03
3730,14,1,2,2,,2025-12-07 04:00:03,2025-12-07 04:00:03
3731,14,2,1,,12,2025-12-07 04:00:03,2025-12-07 04:00:03
3732,14,3,2,,AV. BARTOLINA SISA,2025-12-07 04:00:03,2025-12-07 04:00:03
3733,14,4,1,,10,2025-12-07 04:00:03,2025-12-07 04:00:03
3734,14,4,2,2,,2025-12-07 04:00:03,2025-12-07 04:00:03
3735,890,1,1,,16,2025-12-07 04:00:03,2025-12-07 04:00:03
3736,890,2,1,,18,2025-12-07 04:00:03,2025-12-07 04:00:03
3737,890,3,2,1,,2025-12-07 04:00:03,2025-12-07 04:00:03
3738,890,4,1,,8,2025-12-07 04:00:03,2025-12-07 04:00:03
3739,891,1,1,,15,2025-12-07 04:00:03,2025-12-07 04:00:03
3740,891,2,1,,17,2025-12-07 04:00:03,2025-12-07 04:00:03
3741,891,3,2,1,,2025-12-07 04:00:03,2025-12-07 04:00:03
3742,891,4,1,,8,2025-12-07 04:00:03,2025-12-07 04:00:03
3743,892,1,1,,6,2025-12-07 04:00:03,2025-12-07 04:00:03
3744,892,2,1,,4,2025-12-07 04:00:03,2025-12-07 04:00:03
3745,892,3,1,,4,2025-12-07 04:00:03,2025-12-07 04:00:03
3746,892,4,2,3,,2025-12-07 04:00:03,2025-12-07 04:00:03
3747,885,1,5,,RIO,2025-12-07 04:00:03,2025-12-07 04:00:03
3748,885,2,2,,CALLE S/N.,2025-12-07 04:00:03,2025-12-07 04:00:03
3749,885,3,1,,2,2025-12-07 04:00:03,2025-12-07 04:00:03
3750,885,3,6,,3,2025-12-07 04:00:03,2025-12-07 04:00:03
3751,885,4,2,,CALLE S/N.,2025-12-07 04:00:03,2025-12-07 04:00:03
3752,886,1,1,,5,2025-12-07 04:00:03,2025-12-07 04:00:03
3753,886,2,1,,7,2025-12-07 04:00:03,2025-12-07 04:00:03
3754,886,3,2,3,,2025-12-07 04:00:03,2025-12-07 04:00:03
3755,886,4,1,,7,2025-12-07 04:00:03,2025-12-07 04:00:03
3756,886,4,6,,8,2025-12-07 04:00:03,2025-12-07 04:00:03
3757,887,1,1,,"",2025-12-07 04:00:03,2025-12-07 04:00:03
3758,887,2,1,,"",2025-12-07 04:00:03,2025-12-07 04:00:03
3759,887,3,1,,"",2025-12-07 04:00:03,2025-12-07 04:00:03
3760,887,4,1,,"",2025-12-07 04:00:03,2025-12-07 04:00:03
3761,889,1,1,,16,2025-12-07 04:00:03,2025-12-07 04:00:03
3762,889,2,1,,18,2025-12-07 04:00:03,2025-12-07 04:00:03
3763,889,3,2,3,,2025-12-07 04:00:03,2025-12-07 04:00:03
3764,889,4,1,,6,2025-12-07 04:00:03,2025-12-07 04:00:03
3765,893,1,1,,19,2025-12-07 04:00:03,2025-12-07 04:00:03
3766,893,2,1,,21,2025-12-07 04:00:03,2025-12-07 04:00:03
3767,893,3,2,10,,2025-12-07 04:00:03,2025-12-07 04:00:03
3768,893,4,1,,7,2025-12-07 04:00:03,2025-12-07 04:00:03
3769,894,1,1,,2,2025-12-07 04:00:03,2025-12-07 04:00:03
3770,894,1,2,3,,2025-12-07 04:00:03,2025-12-07 04:00:03
3771,894,2,2,20,,2025-12-07 04:00:03,2025-12-07 04:00:03
3772,894,3,2,3,,2025-12-07 04:00:03,2025-12-07 04:00:03
3773,894,4,1,,1,2025-12-07 04:00:03,2025-12-07 04:00:03
